DCDense,720,12,Hog_assembly_Colette.csv,0.45731664,0.43116164,0.656629,2.1501832,463.2065,0.6516368,0.5753695666790009
DCDense,720,24,Hog_assembly_Colette.csv,0.43061718,0.3813322,0.617521,2.4335692,686.96405,0.6129467,0.6242962777614594
DCDense,720,36,Hog_assembly_Colette.csv,0.42206347,0.371688,0.60966223,2.5095534,710.1708,0.6060464,0.6327077448368073
DCDense,720,48,Hog_assembly_Colette.csv,0.42380434,0.37090528,0.60901994,2.6305096,807.2534,0.60591966,0.6328613460063934
DCDense,720,72,Hog_assembly_Colette.csv,0.44087797,0.39486977,0.6283866,2.8353894,852.39874,0.6259704,0.608161062002182
DCDense,720,84,Hog_assembly_Colette.csv,0.44402504,0.4004074,0.6327775,2.899912,881.05896,0.63066113,0.6022665202617645
DCDense,720,96,Hog_assembly_Colette.csv,0.45166498,0.4115511,0.64152247,2.993637,927.9979,0.6394975,0.5910429060459137
DCDense,720,108,Hog_assembly_Colette.csv,0.45782325,0.4209128,0.6487779,3.0575829,957.3698,0.64678514,0.5816689133644104
DCDense,720,120,Hog_assembly_Colette.csv,0.46299464,0.4296256,0.65545833,3.113159,961.2157,0.65332353,0.5731683671474457
DCDense,720,132,Hog_assembly_Colette.csv,0.4669073,0.4361805,0.6604396,3.1410239,963.6991,0.6580815,0.5669287443161011
DCDense,720,144,Hog_assembly_Colette.csv,0.4721128,0.44558358,0.66752046,3.1803384,948.93536,0.6648263,0.5580059885978699
DCDense,720,156,Hog_assembly_Colette.csv,0.477727,0.4558816,0.67519003,3.2374458,952.89105,0.6721081,0.5482706725597382
DCDense,720,168,Hog_assembly_Colette.csv,0.4845377,0.4681262,0.6841975,3.2657359,916.6357,0.680735,0.5365999042987823
DCDense,720,12,Hog_education_Casandra.csv,0.51748633,0.4725917,0.68745303,1.2627623,152.03342,0.85834783,0.2632390260696411
DCDense,720,24,Hog_education_Casandra.csv,0.4987087,0.48568922,0.6969141,1.3776766,209.02422,0.8709651,0.24141985177993774
DCDense,720,36,Hog_education_Casandra.csv,0.501652,0.5000814,0.70716435,1.4661895,280.39285,0.8855784,0.21575087308883667
DCDense,720,48,Hog_education_Casandra.csv,0.51055545,0.5105732,0.71454406,1.5264709,374.86554,0.8959483,0.19727659225463867
DCDense,720,72,Hog_education_Casandra.csv,0.53585845,0.5517383,0.7427909,1.5951983,399.5345,0.93391985,0.12779361009597778
DCDense,720,84,Hog_education_Casandra.csv,0.5531758,0.57705307,0.7596401,1.6962713,480.37222,0.9565882,0.08493900299072266
DCDense,720,96,Hog_education_Casandra.csv,0.56416005,0.5954814,0.7716744,1.725371,477.9153,0.97268426,0.05388528108596802
DCDense,720,108,Hog_education_Casandra.csv,0.57396805,0.60654694,0.7788112,1.7344928,475.73752,0.9823397,0.03500884771347046
DCDense,720,120,Hog_education_Casandra.csv,0.5760059,0.6104761,0.7813297,1.7236977,455.4252,0.98587084,0.02805870771408081
DCDense,720,132,Hog_education_Casandra.csv,0.5793287,0.61581606,0.7847395,1.7318057,453.9011,0.99033886,0.01922917366027832
DCDense,720,144,Hog_education_Casandra.csv,0.5823703,0.6185118,0.7864552,1.7247013,443.4382,0.9925082,0.01492762565612793
DCDense,720,156,Hog_education_Casandra.csv,0.5847851,0.6228681,0.7892199,1.7179306,431.2569,0.9959046,0.008174002170562744
DCDense,720,168,Hog_education_Casandra.csv,0.5926895,0.63294196,0.7955765,1.7359482,446.51413,1.0037172,-0.007448315620422363
DCDense,720,12,Hog_food_Morgan.csv,0.4851991,0.37373546,0.6113391,0.69042075,9.2728615,0.59971625,0.6403403878211975
DCDense,720,24,Hog_food_Morgan.csv,0.44405776,0.32910484,0.5736766,0.6502729,6.3561954,0.5624668,0.6836311221122742
DCDense,720,36,Hog_food_Morgan.csv,0.4315678,0.31377792,0.56015885,0.655661,6.7693405,0.5489072,0.6987008452415466
DCDense,720,48,Hog_food_Morgan.csv,0.4304705,0.31640843,0.5625019,0.6641985,7.128786,0.55090034,0.6965087950229645
DCDense,720,72,Hog_food_Morgan.csv,0.43974727,0.3370868,0.58059174,0.68020874,7.287135,0.5679869,0.6773909032344818
DCDense,720,84,Hog_food_Morgan.csv,0.4447265,0.3455671,0.58784956,0.6883156,7.441823,0.5747671,0.6696427762508392
DCDense,720,96,Hog_food_Morgan.csv,0.45351008,0.35675642,0.5972909,0.702461,7.5869303,0.58365303,0.6593490839004517
DCDense,720,108,Hog_food_Morgan.csv,0.45727912,0.36554456,0.6046028,0.7014062,7.304988,0.5904482,0.6513709425926208
DCDense,720,120,Hog_food_Morgan.csv,0.46249002,0.3731577,0.61086637,0.7089613,7.3681793,0.59623265,0.6445066332817078
DCDense,720,132,Hog_food_Morgan.csv,0.47110492,0.3827538,0.618671,0.72176987,7.391406,0.6035071,0.6357791423797607
DCDense,720,144,Hog_food_Morgan.csv,0.47331157,0.3894291,0.6240425,0.7198704,7.2015243,0.6084109,0.6298362016677856
DCDense,720,156,Hog_food_Morgan.csv,0.47923315,0.39807108,0.63092875,0.7250671,6.977095,0.6148162,0.6220010221004486
DCDense,720,168,Hog_food_Morgan.csv,0.4816405,0.40236893,0.63432556,0.7266284,7.018723,0.61783177,0.6182838976383209
DCDense,720,12,Hog_industrial_Jeremy.csv,0.533871,0.37504834,0.6124119,1.9911568,1048.5001,0.645078,0.583874374628067
DCDense,720,24,Hog_industrial_Jeremy.csv,0.55432403,0.4431073,0.66566306,2.1894906,1577.9454,0.7007472,0.5089533925056458
DCDense,720,36,Hog_industrial_Jeremy.csv,0.43826875,0.2827729,0.531764,1.6671977,390.9731,0.55947596,0.686986654996872
DCDense,720,48,Hog_industrial_Jeremy.csv,0.4270425,0.2740815,0.5235279,1.634735,348.54376,0.5504464,0.6970087885856628
DCDense,720,72,Hog_industrial_Jeremy.csv,0.42155525,0.27230176,0.52182543,1.6249894,351.3281,0.54798067,0.6997172236442566
DCDense,720,84,Hog_industrial_Jeremy.csv,0.42251503,0.2746483,0.524069,1.5985259,336.63553,0.55005044,0.697444498538971
DCDense,720,96,Hog_industrial_Jeremy.csv,0.42383105,0.277285,0.5265786,1.6002066,336.39273,0.55243576,0.6948148012161255
DCDense,720,108,Hog_industrial_Jeremy.csv,0.42533585,0.27971098,0.5288771,1.5768346,328.0953,0.55459476,0.6924247145652771
DCDense,720,120,Hog_industrial_Jeremy.csv,0.42522794,0.2802607,0.52939653,1.578539,328.69617,0.5548772,0.6921112835407257
DCDense,720,132,Hog_industrial_Jeremy.csv,0.4281143,0.28387755,0.5328016,1.591212,345.80444,0.5581774,0.6884379684925079
DCDense,720,144,Hog_industrial_Jeremy.csv,0.42676866,0.2827162,0.5317106,1.608404,379.54434,0.55674684,0.690032958984375
DCDense,720,156,Hog_industrial_Jeremy.csv,0.4316917,0.28861767,0.5372315,1.6042777,364.89264,0.56222653,0.6839013397693634
DCDense,720,168,Hog_industrial_Jeremy.csv,0.43356168,0.2912436,0.53966993,1.6232074,377.4091,0.56446344,0.6813810765743256
DCDense,720,12,Hog_lodging_Hal.csv,0.4911077,0.45451882,0.6741801,4.50421,24107.73,0.64910775,0.5786591470241547
DCDense,720,24,Hog_lodging_Hal.csv,0.47360146,0.42663336,0.6531718,4.225417,22939.654,0.63019216,0.6028578281402588
DCDense,720,36,Hog_lodging_Hal.csv,0.5002956,0.47461215,0.688921,5.9125876,54574.25,0.66559565,0.5569824874401093
DCDense,720,48,Hog_lodging_Hal.csv,0.5023899,0.47389692,0.6884017,5.762357,45816.684,0.66592455,0.5565444827079773
DCDense,720,72,Hog_lodging_Hal.csv,0.5265073,0.51518536,0.71776414,6.616577,56280.16,0.6953231,0.5165258347988129
DCDense,720,84,Hog_lodging_Hal.csv,0.537973,0.5507636,0.7421345,8.331285,97136.03,0.71920073,0.4827502369880676
DCDense,720,96,Hog_lodging_Hal.csv,0.5023865,0.4971058,0.7050573,7.8620157,85722.914,0.6834534,0.5328914821147919
DCDense,720,108,Hog_lodging_Hal.csv,0.57007116,0.62343794,0.7895809,7.580192,69304.12,0.7656922,0.4137156009674072
DCDense,720,120,Hog_lodging_Hal.csv,0.59371144,0.6704628,0.8188179,6.9111896,49453.21,0.7944177,0.3689005374908447
DCDense,720,132,Hog_lodging_Hal.csv,0.53770906,0.56977826,0.75483656,8.465935,97187.625,0.7327799,0.46303361654281616
DCDense,720,144,Hog_lodging_Hal.csv,0.71094584,0.97022223,0.9849986,11.346611,187350.3,0.95688623,0.08436864614486694
DCDense,720,156,Hog_lodging_Hal.csv,0.6232704,0.7144058,0.8452253,8.502727,82011.27,0.82172155,0.32477378845214844
DCDense,720,168,Hog_lodging_Hal.csv,0.7506915,1.073362,1.0360318,6.6920323,48155.2,1.0080628,-0.01619088649749756
DCDense,720,12,Hog_office_Almeda.csv,0.45837066,0.32883006,0.57343704,1.5395894,77.44893,0.61505765,0.6217040419578552
DCDense,720,24,Hog_office_Almeda.csv,0.4654456,0.3369973,0.58051467,1.9143734,142.99185,0.62246484,0.6125375926494598
DCDense,720,36,Hog_office_Almeda.csv,0.47093743,0.34623775,0.5884197,1.965085,146.06007,0.63058037,0.6023683845996857
DCDense,720,48,Hog_office_Almeda.csv,0.4685348,0.3449922,0.5873604,1.9790077,152.36716,0.6293639,0.6039010882377625
DCDense,720,72,Hog_office_Almeda.csv,0.4875907,0.37962198,0.6161347,1.995458,149.57117,0.65982574,0.5646300315856934
DCDense,720,84,Hog_office_Almeda.csv,0.49484712,0.39279166,0.6267309,2.0068302,151.1012,0.6709026,0.5498896837234497
DCDense,720,96,Hog_office_Almeda.csv,0.50650525,0.41281196,0.64250445,1.9919472,144.81216,0.68753177,0.5273000597953796
DCDense,720,108,Hog_office_Almeda.csv,0.5158117,0.42786777,0.65411603,1.9852139,139.98245,0.69964045,0.5105032920837402
DCDense,720,120,Hog_office_Almeda.csv,0.5226339,0.43842694,0.66213816,1.9838169,133.95288,0.70789313,0.4988873600959778
DCDense,720,132,Hog_office_Almeda.csv,0.52741325,0.4461235,0.66792476,1.9872823,132.55435,0.71373606,0.49058085680007935
DCDense,720,144,Hog_office_Almeda.csv,0.53139025,0.45266718,0.6728054,1.9881395,129.37373,0.7186083,0.4836021065711975
DCDense,720,156,Hog_office_Almeda.csv,0.53324044,0.45669216,0.67579,1.9888384,128.4342,0.7214955,0.4794442653656006
DCDense,720,168,Hog_office_Almeda.csv,0.53394526,0.45808443,0.6768193,1.9894426,128.8109,0.7222219,0.4783955216407776
DCDense,720,12,Hog_parking_Jean.csv,0.36646596,0.2200096,0.4690518,0.49041295,4.6204505,0.404647,0.8362608104944229
DCDense,720,24,Hog_parking_Jean.csv,0.28869027,0.17224234,0.41502088,0.46474305,6.765774,0.3594467,0.8707980513572693
DCDense,720,36,Hog_parking_Jean.csv,0.27648023,0.17253725,0.41537604,0.47663113,7.7041965,0.36125606,0.8694940358400345
DCDense,720,48,Hog_parking_Jean.csv,0.2882512,0.1878278,0.43339103,0.5096986,8.757823,0.37845019,0.8567754775285721
DCDense,720,72,Hog_parking_Jean.csv,0.30671063,0.2165479,0.46534708,0.558797,10.231443,0.40948886,0.8323188722133636
DCDense,720,84,Hog_parking_Jean.csv,0.3165706,0.23091494,0.4805361,0.5813979,10.845693,0.42436224,0.819916695356369
DCDense,720,96,Hog_parking_Jean.csv,0.32739758,0.24953167,0.49953145,0.59934336,11.27417,0.4427014,0.8040155172348022
DCDense,720,108,Hog_parking_Jean.csv,0.33957615,0.26408526,0.5138923,0.6284385,12.437269,0.45705813,0.7910978496074677
DCDense,720,120,Hog_parking_Jean.csv,0.35444778,0.2836366,0.5325754,0.662807,14.268919,0.47538435,0.7740097045898438
DCDense,720,132,Hog_parking_Jean.csv,0.37211737,0.30200177,0.5495469,0.70363015,16.824156,0.4923476,0.7575938403606415
DCDense,720,144,Hog_parking_Jean.csv,0.3890519,0.31392688,0.56029177,0.7622771,20.396097,0.5038319,0.7461534142494202
DCDense,720,156,Hog_parking_Jean.csv,0.3868521,0.3279121,0.57263607,0.7383503,18.637478,0.5168704,0.7328449785709381
DCDense,720,168,Hog_parking_Jean.csv,0.39223903,0.33496198,0.578759,0.75572896,19.671316,0.52429587,0.7251138091087341
DCDense,720,12,Hog_public_Crystal.csv,0.38874957,0.24446161,0.4944306,1.536969,831.0465,0.5312427,0.7177811563014984
DCDense,720,24,Hog_public_Crystal.csv,0.33436912,0.19342478,0.43980083,1.610429,949.15094,0.47246265,0.7767790704965591
DCDense,720,36,Hog_public_Crystal.csv,0.3291146,0.19375019,0.44017065,1.6070161,864.4535,0.47293833,0.7763293534517288
DCDense,720,48,Hog_public_Crystal.csv,0.3311906,0.1977755,0.44471958,1.6552327,961.7647,0.47779998,0.7717071920633316
DCDense,720,72,Hog_public_Crystal.csv,0.36204016,0.23230927,0.4819847,1.805963,1257.1785,0.5177267,0.7319590151309967
DCDense,720,84,Hog_public_Crystal.csv,0.3698253,0.24107176,0.49099058,1.8870931,1477.9701,0.52733076,0.7219222486019135
DCDense,720,96,Hog_public_Crystal.csv,0.38118973,0.2542857,0.50426745,2.0091527,1892.8771,0.54140455,0.7068811357021332
DCDense,720,108,Hog_public_Crystal.csv,0.3898595,0.2648332,0.51461947,2.0759993,2145.1836,0.55230206,0.6949623823165894
DCDense,720,120,Hog_public_Crystal.csv,0.3977482,0.27559936,0.5249756,2.1859477,2553.7678,0.56308687,0.6829331517219543
DCDense,720,132,Hog_public_Crystal.csv,0.40420467,0.2842784,0.5331776,2.227102,2674.0981,0.5715624,0.6733163893222809
DCDense,720,144,Hog_public_Crystal.csv,0.40818357,0.2896094,0.5381537,2.2642357,2799.4192,0.5765685,0.6675687730312347
DCDense,720,156,Hog_public_Crystal.csv,0.40808222,0.29020736,0.538709,2.2779472,2865.5454,0.57685256,0.667241096496582
DCDense,720,168,Hog_public_Crystal.csv,0.40349048,0.2869291,0.53565764,2.252252,2689.455,0.5733389,0.6712824702262878
DCDense,720,12,Hog_services_Adrianna.csv,0.48074025,0.6228421,0.78920346,4.002011,494.79507,0.5694184,0.6757627427577972
DCDense,720,24,Hog_services_Adrianna.csv,0.38092312,0.3854652,0.62085843,4.5665426,603.8626,0.4493816,0.7980562150478363
DCDense,720,36,Hog_services_Adrianna.csv,0.3726845,0.3924027,0.62642056,3.0627692,241.32056,0.45485032,0.7931111752986908
DCDense,720,48,Hog_services_Adrianna.csv,0.3796632,0.41561532,0.64468235,3.2165112,269.73367,0.46963117,0.7794465571641922
DCDense,720,72,Hog_services_Adrianna.csv,0.78207463,1.6808162,1.2964629,2.5750875,168.3849,0.9505549,0.09644532203674316
DCDense,720,84,Hog_services_Adrianna.csv,0.7192464,1.4571618,1.2071296,2.2499607,118.36582,0.8878074,0.21179801225662231
DCDense,720,96,Hog_services_Adrianna.csv,0.6122874,1.0519594,1.0256507,2.5025306,140.17181,0.75663424,0.4275047183036804
DCDense,720,108,Hog_services_Adrianna.csv,0.6170392,1.0936235,1.0457646,2.4283247,131.87238,0.77382356,0.40119707584381104
DCDense,720,120,Hog_services_Adrianna.csv,0.74496454,1.582752,1.2580748,2.2502725,106.762886,0.93384594,0.12793177366256714
DCDense,720,132,Hog_services_Adrianna.csv,0.7187626,1.4647907,1.2102854,2.2051435,99.08096,0.90128523,0.18768489360809326
DCDense,720,144,Hog_services_Adrianna.csv,0.9154736,2.3363132,1.5285003,2.1841857,108.80151,1.1420361,-0.30424630641937256
DCDense,720,156,Hog_services_Adrianna.csv,0.6321931,1.202778,1.0967124,2.3941264,128.64792,0.8222043,0.32398009300231934
DCDense,720,168,Hog_services_Adrianna.csv,0.6969246,1.3863523,1.1774347,2.4103832,129.01419,0.88575536,0.21543735265731812
Seq2Seq,720,12,Hog_assembly_Colette.csv,0.5098734,0.51999694,0.72110814,3.6667068,2400.7754,0.7156257,0.4878799319267273
Seq2Seq,720,24,Hog_assembly_Colette.csv,0.49857485,0.50583905,0.7112236,3.5674562,2436.546,0.70595527,0.5016270875930786
Seq2Seq,720,36,Hog_assembly_Colette.csv,0.50541955,0.5172101,0.71917325,3.4784644,2232.662,0.71490794,0.4889066219329834
Seq2Seq,720,48,Hog_assembly_Colette.csv,0.5024849,0.52184767,0.72239023,3.494505,2273.9375,0.71871287,0.48345184326171875
Seq2Seq,720,72,Hog_assembly_Colette.csv,0.49638197,0.51116645,0.7149591,3.4802492,2265.1824,0.71220994,0.49275702238082886
Seq2Seq,720,84,Hog_assembly_Colette.csv,0.51190805,0.5416531,0.73597085,3.6699858,2446.33,0.73350936,0.46196407079696655
Seq2Seq,720,96,Hog_assembly_Colette.csv,0.5028234,0.5262044,0.7253995,3.5883036,2325.8704,0.7231097,0.4771122932434082
Seq2Seq,720,108,Hog_assembly_Colette.csv,0.4989905,0.5180889,0.7197839,3.555743,2321.368,0.71757305,0.48508888483047485
Seq2Seq,720,120,Hog_assembly_Colette.csv,0.50487936,0.53066534,0.7284678,3.667996,2459.2861,0.7260952,0.4727857708930969
Seq2Seq,720,132,Hog_assembly_Colette.csv,0.50454384,0.5301059,0.7280837,3.7214646,2499.8584,0.7254841,0.47367286682128906
Seq2Seq,720,144,Hog_assembly_Colette.csv,0.5073458,0.5360059,0.73212427,3.7530801,2561.3262,0.7291693,0.4683120846748352
Seq2Seq,720,156,Hog_assembly_Colette.csv,0.5295968,0.5728152,0.75684553,4.0175476,3052.2412,0.75339085,0.4324021339416504
Seq2Seq,720,168,Hog_assembly_Colette.csv,0.5049385,0.528383,0.72689956,3.7449615,2548.0852,0.723221,0.4769514203071594
Seq2Seq,720,12,Hog_education_Casandra.csv,0.51585335,0.54073817,0.735349,1.4963595,90.10123,0.9181503,0.15700006484985352
Seq2Seq,720,24,Hog_education_Casandra.csv,0.51244664,0.60204333,0.7759145,1.6054342,148.91914,0.9696955,0.059690654277801514
Seq2Seq,720,36,Hog_education_Casandra.csv,0.5289644,0.6102656,0.781195,1.8484147,320.432,0.97828656,0.04295533895492554
Seq2Seq,720,48,Hog_education_Casandra.csv,0.5286386,0.6165197,0.78518766,1.8357292,405.02823,0.98452646,0.03070753812789917
Seq2Seq,720,72,Hog_education_Casandra.csv,0.5417445,0.6603775,0.81263614,2.0613022,585.5719,1.0217371,-0.04394674301147461
Seq2Seq,720,84,Hog_education_Casandra.csv,0.52624184,0.60951084,0.78071177,1.9731332,508.27722,0.983123,0.033469200134277344
Seq2Seq,720,96,Hog_education_Casandra.csv,0.5383728,0.6297731,0.79358244,2.019035,506.78152,1.0002991,-0.0005981922149658203
Seq2Seq,720,108,Hog_education_Casandra.csv,0.544428,0.6125476,0.78265417,1.9400024,365.97754,0.9871869,0.025462090969085693
Seq2Seq,720,120,Hog_education_Casandra.csv,0.5220888,0.5693456,0.7545499,1.5413504,188.49384,0.95208055,0.09354263544082642
Seq2Seq,720,132,Hog_education_Casandra.csv,0.5220531,0.57547075,0.7585979,1.6018702,208.55623,0.95734817,0.08348453044891357
Seq2Seq,720,144,Hog_education_Casandra.csv,0.60573316,0.7162613,0.84632224,2.3359816,574.8258,1.0680605,-0.1407531499862671
Seq2Seq,720,156,Hog_education_Casandra.csv,0.5953647,0.687054,0.82888716,2.206788,525.8025,1.0459601,-0.09403252601623535
Seq2Seq,720,168,Hog_education_Casandra.csv,0.60839313,0.72108996,0.84917015,2.2981062,572.7915,1.0713322,-0.14775264263153076
Seq2Seq,720,12,Hog_food_Morgan.csv,0.5647474,0.561771,0.7495138,0.8369144,10.444289,0.735264,0.45938682556152344
Seq2Seq,720,24,Hog_food_Morgan.csv,0.57437575,0.54895765,0.7409168,0.82267904,8.141032,0.72643906,0.4722864031791687
Seq2Seq,720,36,Hog_food_Morgan.csv,0.5940195,0.5955975,0.7717496,0.87055975,11.689182,0.7562479,0.42808908224105835
Seq2Seq,720,48,Hog_food_Morgan.csv,0.57975644,0.5644329,0.7512875,0.8559664,13.937784,0.7357922,0.45860975980758667
Seq2Seq,720,72,Hog_food_Morgan.csv,0.67154855,0.707063,0.8408704,0.95721763,18.546618,0.8226148,0.3233049511909485
Seq2Seq,720,84,Hog_food_Morgan.csv,0.7023251,0.7602475,0.8719217,0.989196,20.106089,0.8525173,0.2732141613960266
Seq2Seq,720,96,Hog_food_Morgan.csv,0.66589737,0.70182997,0.83775294,0.9574449,19.25775,0.8186247,0.3298535943031311
Seq2Seq,720,108,Hog_food_Morgan.csv,0.6614818,0.6946593,0.83346224,0.94769096,18.211681,0.8139497,0.3374858498573303
Seq2Seq,720,120,Hog_food_Morgan.csv,0.66931385,0.7061743,0.8403418,0.9517521,18.276318,0.82021075,0.3272542357444763
Seq2Seq,720,132,Hog_food_Morgan.csv,0.5939212,0.59932315,0.77415967,0.87465465,14.076684,0.75518465,0.42969608306884766
Seq2Seq,720,144,Hog_food_Morgan.csv,0.66159016,0.69829684,0.83564156,0.94236875,18.680334,0.8147096,0.33624833822250366
Seq2Seq,720,156,Hog_food_Morgan.csv,0.70651674,0.76469094,0.87446606,0.98126185,19.130028,0.8521341,0.27386748790740967
Seq2Seq,720,168,Hog_food_Morgan.csv,0.6597563,0.6958776,0.8341928,0.9360971,17.866913,0.812502,0.33984047174453735
Seq2Seq,720,12,Hog_industrial_Jeremy.csv,0.47220832,0.3499249,0.5915445,3.572153,8677.989,0.62309754,0.6117494702339172
Seq2Seq,720,24,Hog_industrial_Jeremy.csv,0.665692,0.5683686,0.75390226,2.9071293,4072.4568,0.79363704,0.3701402544975281
Seq2Seq,720,36,Hog_industrial_Jeremy.csv,0.6583786,0.5624699,0.7499799,2.8924246,3329.7173,0.78906393,0.3773781657218933
Seq2Seq,720,48,Hog_industrial_Jeremy.csv,0.72228473,0.6360382,0.79752004,2.3667212,1709.8208,0.8385264,0.29687345027923584
Seq2Seq,720,72,Hog_industrial_Jeremy.csv,0.7178431,0.63562566,0.79726136,2.6086388,2862.9438,0.8372221,0.2990591526031494
Seq2Seq,720,84,Hog_industrial_Jeremy.csv,0.73360187,0.6625986,0.8140016,2.6271095,3008.5525,0.8543568,0.2700743079185486
Seq2Seq,720,96,Hog_industrial_Jeremy.csv,0.72529435,0.64860445,0.80535984,2.5581865,2602.5273,0.8449062,0.28613346815109253
Seq2Seq,720,108,Hog_industrial_Jeremy.csv,0.7106292,0.63420737,0.7963714,2.7379925,3093.699,0.83509636,0.3026139736175537
Seq2Seq,720,120,Hog_industrial_Jeremy.csv,0.71428186,0.6401759,0.8001099,2.732954,3241.9988,0.8386205,0.29671573638916016
Seq2Seq,720,132,Hog_industrial_Jeremy.csv,0.702826,0.62537897,0.79080904,2.7920191,3297.3428,0.8284731,0.31363242864608765
Seq2Seq,720,144,Hog_industrial_Jeremy.csv,0.7221714,0.6505764,0.80658317,2.685329,2975.8494,0.8445621,0.28671491146087646
Seq2Seq,720,156,Hog_industrial_Jeremy.csv,0.51729757,0.39134577,0.6255764,4.2520795,15997.143,0.6546817,0.5713918805122375
Seq2Seq,720,168,Hog_industrial_Jeremy.csv,0.7195002,0.64588517,0.8036698,2.5440564,2478.7856,0.840592,0.29340511560440063
Seq2Seq,720,12,Hog_lodging_Hal.csv,1.233987,2.4257777,1.5574908,23.244009,803330.44,1.4995687,-1.2487061023712158
Seq2Seq,720,24,Hog_lodging_Hal.csv,1.1579496,2.2410116,1.4970009,18.78772,518584.34,1.444334,-1.0861008167266846
Seq2Seq,720,36,Hog_lodging_Hal.csv,1.2281357,2.4371588,1.5611402,20.838228,641682.25,1.5082834,-1.274918794631958
Seq2Seq,720,48,Hog_lodging_Hal.csv,1.1698482,2.298925,1.5162206,17.827057,461724.84,1.4667141,-1.1512503623962402
Seq2Seq,720,72,Hog_lodging_Hal.csv,1.2156867,2.4312274,1.5592394,19.325048,526929.6,1.5104895,-1.2815780639648438
Seq2Seq,720,84,Hog_lodging_Hal.csv,1.2278401,2.470216,1.5716921,19.596317,542943.94,1.5231231,-1.319904088973999
Seq2Seq,720,96,Hog_lodging_Hal.csv,1.2222785,2.451996,1.5658851,19.302042,514918.75,1.5179043,-1.3040332794189453
Seq2Seq,720,108,Hog_lodging_Hal.csv,1.216481,2.4345822,1.5603148,19.125278,507562.4,1.5131077,-1.289494276046753
Seq2Seq,720,120,Hog_lodging_Hal.csv,1.2026106,2.3998168,1.5491341,18.542135,468466.1,1.502971,-1.2589218616485596
Seq2Seq,720,132,Hog_lodging_Hal.csv,1.2086289,2.4092002,1.5521599,18.943516,487937.53,1.5068051,-1.2704615592956543
Seq2Seq,720,144,Hog_lodging_Hal.csv,1.2190087,2.43767,1.561304,19.077085,490045.53,1.5167437,-1.300511121749878
Seq2Seq,720,156,Hog_lodging_Hal.csv,1.2214633,2.4461603,1.5640205,18.834455,470912.06,1.5205287,-1.3120074272155762
Seq2Seq,720,168,Hog_lodging_Hal.csv,1.235445,2.4781184,1.5742041,19.4823,504311.28,1.5317066,-1.3461251258850098
Seq2Seq,720,12,Hog_office_Almeda.csv,0.46819827,0.36782378,0.6064848,2.612357,220.23503,0.65050405,0.5768444836139679
Seq2Seq,720,24,Hog_office_Almeda.csv,0.47684234,0.3756706,0.61291975,2.599937,248.11963,0.65721154,0.5680730044841766
Seq2Seq,720,36,Hog_office_Almeda.csv,0.49996248,0.41166323,0.64160985,2.6941066,331.53345,0.68758166,0.5272314846515656
Seq2Seq,720,48,Hog_office_Almeda.csv,0.49187878,0.40282595,0.6346857,2.6750631,344.48404,0.6800736,0.5374999046325684
Seq2Seq,720,72,Hog_office_Almeda.csv,0.4980762,0.4057111,0.63695455,2.48671,257.51782,0.68212193,0.534709632396698
Seq2Seq,720,84,Hog_office_Almeda.csv,0.5136741,0.4287039,0.6547548,2.5006566,265.1859,0.7009016,0.5087369382381439
Seq2Seq,720,96,Hog_office_Almeda.csv,0.51992714,0.44373277,0.6661327,2.458735,246.79263,0.7128159,0.491893470287323
Seq2Seq,720,108,Hog_office_Almeda.csv,0.53260374,0.46772605,0.683905,2.540589,272.821,0.73150265,0.46490395069122314
Seq2Seq,720,120,Hog_office_Almeda.csv,0.54418546,0.49383998,0.7027375,2.5674982,298.12018,0.7512979,0.4355514645576477
Seq2Seq,720,132,Hog_office_Almeda.csv,0.5496819,0.5068183,0.71191174,2.5861762,300.57556,0.76074,0.42127472162246704
Seq2Seq,720,144,Hog_office_Almeda.csv,0.551279,0.51097065,0.7148221,2.565202,298.14203,0.76348543,0.4170900583267212
Seq2Seq,720,156,Hog_office_Almeda.csv,0.5517704,0.51096845,0.71482056,2.543592,288.1948,0.76316583,0.41757798194885254
Seq2Seq,720,168,Hog_office_Almeda.csv,0.5482938,0.50352633,0.7095959,2.5160015,282.49493,0.75719714,0.4266524910926819
Seq2Seq,720,12,Hog_parking_Jean.csv,0.6950631,0.6626072,0.81400687,0.74342716,3.8978477,0.70223683,0.5068634450435638
Seq2Seq,720,24,Hog_parking_Jean.csv,0.77115583,0.7971868,0.8928532,0.7786786,2.5432022,0.7732939,0.40201646089553833
Seq2Seq,720,36,Hog_parking_Jean.csv,0.72507834,0.7197492,0.8483803,0.7727752,3.7163596,0.73784363,0.4555867910385132
Seq2Seq,720,48,Hog_parking_Jean.csv,0.73825705,0.73527485,0.8574817,0.8120816,6.4213376,0.74877894,0.4393301010131836
Seq2Seq,720,72,Hog_parking_Jean.csv,0.7342083,0.7268691,0.8525662,0.7978107,4.466755,0.75022787,0.43715810775756836
Seq2Seq,720,84,Hog_parking_Jean.csv,0.79825705,0.81995034,0.9055111,0.838841,3.9180067,0.79965836,0.3605464696884155
Seq2Seq,720,96,Hog_parking_Jean.csv,0.748605,0.7435972,0.86232084,0.82453877,5.4557595,0.7642174,0.41597187519073486
Seq2Seq,720,108,Hog_parking_Jean.csv,0.67788035,0.62639904,0.7914538,0.85211426,11.808771,0.70392257,0.5044929683208466
Seq2Seq,720,120,Hog_parking_Jean.csv,0.70932,0.6760561,0.8222263,0.8296717,8.402609,0.7339308,0.4613455533981323
Seq2Seq,720,132,Hog_parking_Jean.csv,0.8062104,0.8269338,0.909359,0.8558543,3.7087812,0.8147089,0.3362494707107544
Seq2Seq,720,144,Hog_parking_Jean.csv,0.77823824,0.77557373,0.8806666,0.8908903,8.265315,0.79192305,0.3728579878807068
Seq2Seq,720,156,Hog_parking_Jean.csv,0.74176735,0.71245366,0.8440697,0.8939981,9.937247,0.7618707,0.41955310106277466
Seq2Seq,720,168,Hog_parking_Jean.csv,0.7800294,0.76508033,0.8746887,0.87603384,5.825029,0.7923776,0.3721376657485962
Seq2Seq,720,12,Hog_public_Crystal.csv,0.3719766,0.2541185,0.5041017,2.6642635,2619.7168,0.54163384,0.7066327333450317
Seq2Seq,720,24,Hog_public_Crystal.csv,0.35791743,0.23156719,0.48121428,2.1613104,2257.4463,0.5169516,0.732761025428772
Seq2Seq,720,36,Hog_public_Crystal.csv,0.46880075,0.3739864,0.61154425,2.4190414,1838.1665,0.65706956,0.5682596266269684
Seq2Seq,720,48,Hog_public_Crystal.csv,0.42409915,0.2990605,0.5468642,2.0133414,803.14984,0.58754265,0.6547936499118805
Seq2Seq,720,72,Hog_public_Crystal.csv,0.5193772,0.41148084,0.64146775,2.270126,433.49628,0.68903637,0.525228887796402
Seq2Seq,720,84,Hog_public_Crystal.csv,0.53357697,0.45581502,0.67514074,2.4163961,1485.326,0.72511065,0.4742145538330078
Seq2Seq,720,96,Hog_public_Crystal.csv,0.53909075,0.44304153,0.66561365,2.3473127,607.77673,0.71463305,0.4892995357513428
Seq2Seq,720,108,Hog_public_Crystal.csv,0.5380162,0.45347697,0.67340696,2.335978,1326.8231,0.7227166,0.4776805639266968
Seq2Seq,720,120,Hog_public_Crystal.csv,0.4578004,0.33044174,0.5748406,2.3072295,2196.9321,0.61657196,0.6198390126228333
Seq2Seq,720,132,Hog_public_Crystal.csv,0.5205988,0.42439848,0.65145874,2.4298615,1511.3187,0.69835883,0.5122949182987213
Seq2Seq,720,144,Hog_public_Crystal.csv,0.5386598,0.44107148,0.6641321,2.3606696,706.69824,0.7115396,0.4937114119529724
Seq2Seq,720,156,Hog_public_Crystal.csv,0.48656324,0.3722656,0.61013573,2.4416118,2602.696,0.65333676,0.5731510818004608
Seq2Seq,720,168,Hog_public_Crystal.csv,0.49316704,0.37683412,0.6138682,2.3103673,1636.166,0.65705127,0.5682836472988129
Seq2Seq,720,12,Hog_services_Adrianna.csv,1.0083829,2.824897,1.680743,2.0757086,90.75915,1.2126732,-0.4705764055252075
Seq2Seq,720,24,Hog_services_Adrianna.csv,0.9967247,2.747521,1.6575648,2.3976865,130.61034,1.1997566,-0.4394160509109497
Seq2Seq,720,36,Hog_services_Adrianna.csv,1.0033706,2.776257,1.6662104,2.6610794,182.49432,1.2098523,-0.46374261379241943
Seq2Seq,720,48,Hog_services_Adrianna.csv,1.0014855,2.761731,1.6618457,2.810361,194.38998,1.2106032,-0.4655601978302002
Seq2Seq,720,72,Hog_services_Adrianna.csv,0.9923226,2.711085,1.6465373,2.8487978,216.13582,1.2072263,-0.45739519596099854
Seq2Seq,720,84,Hog_services_Adrianna.csv,0.98388696,2.6606176,1.63114,2.9835799,240.82513,1.1996543,-0.4391704797744751
Seq2Seq,720,96,Hog_services_Adrianna.csv,0.98123425,2.6516507,1.628389,2.8925734,213.34535,1.2012811,-0.44307613372802734
Seq2Seq,720,108,Hog_services_Adrianna.csv,0.9811524,2.6492484,1.6276512,2.9547114,252.42047,1.2043961,-0.45057010650634766
Seq2Seq,720,120,Hog_services_Adrianna.csv,0.9804419,2.64145,1.6252538,3.1082597,284.09454,1.2063963,-0.4553920030593872
Seq2Seq,720,132,Hog_services_Adrianna.csv,0.97107244,2.5964036,1.611336,3.0304384,251.67259,1.199943,-0.43986308574676514
Seq2Seq,720,144,Hog_services_Adrianna.csv,0.9739214,2.6066277,1.6145054,3.14655,279.6464,1.2062957,-0.45514917373657227
Seq2Seq,720,156,Hog_services_Adrianna.csv,0.9676761,2.5757508,1.6049145,3.1541855,300.93,1.2032031,-0.44769763946533203
Seq2Seq,720,168,Hog_services_Adrianna.csv,0.96255964,2.550674,1.597083,3.098636,273.19162,1.2014467,-0.4434739351272583
LSTM,720,12,Hog_assembly_Colette.csv,0.63306594,0.700364,0.8368775,5.081902,4789.784,0.83051485,0.3102450966835022
LSTM,720,24,Hog_assembly_Colette.csv,0.62220025,0.6815324,0.8255497,5.079151,5004.493,0.8194345,0.32852703332901
LSTM,720,36,Hog_assembly_Colette.csv,0.63528556,0.716933,0.84671897,5.242358,5137.599,0.8416972,0.2915457487106323
LSTM,720,48,Hog_assembly_Colette.csv,0.63151324,0.7170719,0.846801,5.1947284,5091.455,0.84249026,0.29021012783050537
LSTM,720,72,Hog_assembly_Colette.csv,0.632987,0.72886866,0.85373807,5.290146,5091.1816,0.8504553,0.2767258286476135
LSTM,720,96,Hog_assembly_Colette.csv,0.6331323,0.7336158,0.85651374,5.3006954,4987.769,0.8538102,0.27100813388824463
LSTM,720,108,Hog_assembly_Colette.csv,0.6344828,0.7394395,0.8599067,5.3183107,4814.9727,0.8572654,0.2650960087776184
LSTM,720,120,Hog_assembly_Colette.csv,0.6334687,0.7377459,0.85892135,5.3017035,4803.9043,0.8561239,0.2670518755912781
LSTM,720,132,Hog_assembly_Colette.csv,0.6355561,0.7443958,0.86278373,5.315966,4774.081,0.8597032,0.2609105110168457
LSTM,720,144,Hog_assembly_Colette.csv,0.6350799,0.7442179,0.8626806,5.312632,4767.296,0.85919875,0.26177746057510376
LSTM,720,156,Hog_assembly_Colette.csv,0.63711977,0.74909437,0.86550236,5.327355,4760.966,0.8615517,0.25772857666015625
LSTM,720,168,Hog_assembly_Colette.csv,0.6368186,0.7486337,0.8652362,5.313922,4749.874,0.86085755,0.25892436504364014
LSTM,720,12,Hog_education_Casandra.csv,0.4338541,0.40838403,0.6390493,1.473159,151.44385,0.7979114,0.36333751678466797
LSTM,720,24,Hog_education_Casandra.csv,0.44410336,0.423652,0.6508855,1.4645386,102.1156,0.81344116,0.3383134603500366
LSTM,720,36,Hog_education_Casandra.csv,0.46766883,0.47040454,0.68586046,1.5532006,104.378136,0.8588996,0.26229149103164673
LSTM,720,48,Hog_education_Casandra.csv,0.47864255,0.491149,0.70082027,1.651653,251.59766,0.8787404,0.2278153896331787
LSTM,720,72,Hog_education_Casandra.csv,0.5115757,0.54989123,0.7415465,1.9375007,509.70593,0.9323553,0.13071364164352417
LSTM,720,96,Hog_education_Casandra.csv,0.52072865,0.57314205,0.7570615,1.9407653,456.27997,0.9542649,0.08937853574752808
LSTM,720,108,Hog_education_Casandra.csv,0.53063256,0.59578824,0.7718732,2.0134037,473.46707,0.9735885,0.05212545394897461
LSTM,720,120,Hog_education_Casandra.csv,0.5351514,0.6067397,0.77893496,2.057145,491.92352,0.98284924,0.034007370471954346
LSTM,720,132,Hog_education_Casandra.csv,0.5449764,0.6259117,0.7911458,2.0932498,477.16882,0.99842364,0.003150463104248047
LSTM,720,144,Hog_education_Casandra.csv,0.5405298,0.61542445,0.7844899,2.0181003,421.91125,0.99002796,0.019844651222229004
LSTM,720,156,Hog_education_Casandra.csv,0.54162586,0.61727744,0.78567004,2.006644,396.87003,0.9914251,0.01707637310028076
LSTM,720,168,Hog_education_Casandra.csv,0.54662424,0.6244957,0.7902504,2.048989,424.00024,0.9969977,0.005995571613311768
LSTM,720,12,Hog_food_Morgan.csv,0.49937233,0.37020558,0.6084452,0.84683084,14.7928295,0.59687746,0.6437373161315918
LSTM,720,24,Hog_food_Morgan.csv,0.38759074,0.27272946,0.52223504,0.69164735,13.035131,0.5120304,0.7378248572349548
LSTM,720,36,Hog_food_Morgan.csv,0.43208873,0.3262528,0.5711854,0.7480219,12.079498,0.55971235,0.6867220997810364
LSTM,720,48,Hog_food_Morgan.csv,0.442616,0.34446892,0.5869148,0.7431129,11.049116,0.5748097,0.6695938408374786
LSTM,720,72,Hog_food_Morgan.csv,0.5403756,0.4663004,0.6828619,0.84777987,14.960144,0.6680367,0.5537269413471222
LSTM,720,96,Hog_food_Morgan.csv,0.5723139,0.51534307,0.717874,0.8843327,16.760145,0.7014829,0.5079216659069061
LSTM,720,108,Hog_food_Morgan.csv,0.56618345,0.51090705,0.71477765,0.8783334,16.096697,0.69804364,0.5127350389957428
LSTM,720,120,Hog_food_Morgan.csv,0.5992475,0.55253255,0.74332535,0.90620273,17.243351,0.72551847,0.47362297773361206
LSTM,720,132,Hog_food_Morgan.csv,0.58067614,0.531961,0.7293566,0.8979761,17.064545,0.7114797,0.49379652738571167
LSTM,720,144,Hog_food_Morgan.csv,0.58504045,0.53744215,0.73310447,0.88663274,15.682442,0.7147409,0.4891454577445984
LSTM,720,156,Hog_food_Morgan.csv,0.648603,0.6241677,0.7900428,0.9501499,17.408262,0.7698669,0.4073050618171692
LSTM,720,168,Hog_food_Morgan.csv,0.645685,0.62115115,0.7881314,0.9434959,16.803137,0.7676383,0.41073137521743774
LSTM,720,12,Hog_industrial_Jeremy.csv,0.72006166,0.669785,0.81840396,3.2281203,5298.548,0.8620577,0.2568565011024475
LSTM,720,24,Hog_industrial_Jeremy.csv,0.51015586,0.37439266,0.61187637,4.0462794,8462.376,0.6441256,0.5851022005081177
LSTM,720,36,Hog_industrial_Jeremy.csv,0.5640195,0.4352091,0.6597038,3.9214404,6629.1226,0.69408315,0.5182485282421112
LSTM,720,48,Hog_industrial_Jeremy.csv,0.62395376,0.51222867,0.7157015,3.9973545,6988.3896,0.7525011,0.4337422251701355
LSTM,720,72,Hog_industrial_Jeremy.csv,0.6767925,0.5880445,0.76684064,3.737421,6459.683,0.8052766,0.351529598236084
LSTM,720,96,Hog_industrial_Jeremy.csv,0.7035181,0.6269484,0.79180074,3.5852282,6010.7407,0.83068126,0.30996859073638916
LSTM,720,108,Hog_industrial_Jeremy.csv,0.7425842,0.6897371,0.8305041,3.471315,5637.706,0.87088895,0.241552472114563
LSTM,720,120,Hog_industrial_Jeremy.csv,0.72964823,0.66669565,0.8165143,3.4625938,5730.7466,0.85581446,0.2675817012786865
LSTM,720,132,Hog_industrial_Jeremy.csv,0.7003889,0.62207407,0.78871673,3.5463026,5819.7383,0.8262811,0.31725966930389404
LSTM,720,144,Hog_industrial_Jeremy.csv,0.701844,0.62388605,0.7898646,3.3996356,5394.9233,0.8270563,0.3159779906272888
LSTM,720,156,Hog_industrial_Jeremy.csv,0.76861167,0.73207873,0.855616,3.402673,5667.2485,0.895424,0.19821572303771973
LSTM,720,168,Hog_industrial_Jeremy.csv,0.7268005,0.6597496,0.8122497,3.3656912,5180.4775,0.8495661,0.2782374620437622
LSTM,720,12,Hog_lodging_Hal.csv,0.8240582,1.177913,1.085317,16.037104,365227.53,1.0449548,-0.09193027019500732
LSTM,720,24,Hog_lodging_Hal.csv,0.83790344,1.2240553,1.1063703,15.588622,350085.66,1.0674465,-0.1394420862197876
LSTM,720,36,Hog_lodging_Hal.csv,0.8835674,1.3421395,1.1585075,16.069523,373773.94,1.1192828,-0.25279414653778076
LSTM,720,48,Hog_lodging_Hal.csv,0.8639241,1.2929438,1.1370769,15.888513,368294.2,1.09995,-0.20988988876342773
LSTM,720,72,Hog_lodging_Hal.csv,0.8849766,1.3461733,1.1602471,16.060436,382069.2,1.1239717,-0.26331233978271484
LSTM,720,96,Hog_lodging_Hal.csv,0.87601644,1.3274633,1.1521559,15.582725,360166.0,1.1168523,-0.247359037399292
LSTM,720,108,Hog_lodging_Hal.csv,0.8617945,1.3080213,1.1436876,14.026144,294457.53,1.1090854,-0.23007023334503174
LSTM,720,120,Hog_lodging_Hal.csv,0.8743878,1.3327233,1.1544363,15.134399,340298.3,1.1200349,-0.2544780969619751
LSTM,720,132,Hog_lodging_Hal.csv,0.8693506,1.3189828,1.1484698,14.781609,325699.84,1.114911,-0.2430264949798584
LSTM,720,144,Hog_lodging_Hal.csv,0.8739885,1.3347563,1.1553165,15.078207,338824.28,1.1223432,-0.2596544027328491
LSTM,720,156,Hog_lodging_Hal.csv,0.87708145,1.346103,1.1602168,15.021723,332341.06,1.1279539,-0.2722797393798828
LSTM,720,168,Hog_lodging_Hal.csv,0.8742515,1.3340971,1.1550312,15.03652,340197.1,1.1238499,-0.26303839683532715
LSTM,720,12,Hog_office_Almeda.csv,0.4317056,0.29931772,0.54709935,2.6085904,402.68817,0.5868084,0.6556559503078461
LSTM,720,24,Hog_office_Almeda.csv,0.5049194,0.3932434,0.6270912,2.8009412,493.68442,0.67240715,0.5478686988353729
LSTM,720,36,Hog_office_Almeda.csv,0.54000944,0.4522329,0.6724826,2.5254123,397.58255,0.72066647,0.48063987493515015
LSTM,720,48,Hog_office_Almeda.csv,0.5633588,0.49563298,0.70401204,2.4220376,326.2316,0.75435764,0.430944561958313
LSTM,720,72,Hog_office_Almeda.csv,0.5702608,0.5585786,0.74738115,2.4827166,330.22598,0.80037904,0.3593933582305908
LSTM,720,96,Hog_office_Almeda.csv,0.58019966,0.5809983,0.7622324,2.523886,313.25354,0.8156504,0.334714412689209
LSTM,720,108,Hog_office_Almeda.csv,0.5845484,0.56946313,0.7546278,2.447898,276.01212,0.8071475,0.3485128879547119
LSTM,720,120,Hog_office_Almeda.csv,0.58615226,0.58783567,0.76670444,2.5389447,315.34604,0.8196851,0.32811641693115234
LSTM,720,132,Hog_office_Almeda.csv,0.58818644,0.5831353,0.76363295,2.5119677,304.60782,0.8160086,0.3341299295425415
LSTM,720,144,Hog_office_Almeda.csv,0.5911454,0.5959235,0.7719608,2.5542068,322.2743,0.8245139,0.32017678022384644
LSTM,720,156,Hog_office_Almeda.csv,0.5892568,0.59123594,0.7689187,2.5811608,332.02365,0.82092273,0.32608598470687866
LSTM,720,168,Hog_office_Almeda.csv,0.5936228,0.5740193,0.7576406,2.575562,305.83746,0.8084649,0.34638458490371704
LSTM,720,12,Hog_parking_Jean.csv,0.2671877,0.11526912,0.33951306,0.37318063,1.3142651,0.29289502,0.9142125025391579
LSTM,720,24,Hog_parking_Jean.csv,0.29362777,0.1498563,0.38711277,0.4052526,1.6650922,0.33527568,0.8875902071595192
LSTM,720,36,Hog_parking_Jean.csv,0.31420937,0.17743193,0.42122668,0.4360314,2.221283,0.36634445,0.8657917529344559
LSTM,720,48,Hog_parking_Jean.csv,0.3306349,0.19748771,0.4443959,0.46604237,2.8735783,0.38805994,0.8494094908237457
LSTM,720,72,Hog_parking_Jean.csv,0.34704986,0.22038433,0.4694511,0.502113,4.8977914,0.4131002,0.8293481916189194
LSTM,720,96,Hog_parking_Jean.csv,0.35991764,0.23764852,0.48749205,0.52438986,4.979668,0.43203166,0.813348650932312
LSTM,720,108,Hog_parking_Jean.csv,0.36953244,0.24645069,0.496438,0.5483822,5.3148947,0.44153422,0.8050475120544434
LSTM,720,120,Hog_parking_Jean.csv,0.37708116,0.25696328,0.50691545,0.56352293,5.3035483,0.4524799,0.7952619343996048
LSTM,720,132,Hog_parking_Jean.csv,0.38241857,0.2651969,0.5149727,0.5767102,5.4564857,0.46137205,0.7871358245611191
LSTM,720,144,Hog_parking_Jean.csv,0.38155016,0.26691687,0.51664,0.5831742,5.677845,0.46457884,0.7841665148735046
LSTM,720,156,Hog_parking_Jean.csv,0.38310555,0.26976365,0.5193878,0.59555984,7.084305,0.4688076,0.7802194207906723
LSTM,720,168,Hog_parking_Jean.csv,0.39232072,0.28152004,0.53058463,0.6205283,8.279346,0.48065487,0.7689708918333054
LSTM,720,12,Hog_public_Crystal.csv,0.5549034,0.42864424,0.6547093,3.1473887,3900.6353,0.7034548,0.5051513910293579
LSTM,720,24,Hog_public_Crystal.csv,0.40920845,0.27826467,0.52750796,2.4932148,2963.4412,0.5666833,0.6788700222969055
LSTM,720,36,Hog_public_Crystal.csv,0.5515286,0.43544722,0.6598843,2.792066,2530.0447,0.7090081,0.49730753898620605
LSTM,720,48,Hog_public_Crystal.csv,0.6138554,0.52998686,0.72800195,3.0923975,2585.219,0.78215426,0.3882346749305725
LSTM,720,72,Hog_public_Crystal.csv,0.6738629,0.6202707,0.7875727,3.3724725,2865.8757,0.8459758,0.28432488441467285
LSTM,720,96,Hog_public_Crystal.csv,0.68669075,0.6420933,0.80130726,3.385504,2772.7156,0.8603199,0.2598496675491333
LSTM,720,108,Hog_public_Crystal.csv,0.68236685,0.6328721,0.7955326,3.3344178,2671.7402,0.8537848,0.27105146646499634
LSTM,720,120,Hog_public_Crystal.csv,0.6910566,0.65209055,0.8075212,3.3310957,2710.8645,0.86614436,0.24979394674301147
LSTM,720,132,Hog_public_Crystal.csv,0.69790024,0.66306925,0.81429064,3.3363738,2568.0232,0.8729134,0.23802214860916138
LSTM,720,144,Hog_public_Crystal.csv,0.6956963,0.66129154,0.8131983,3.3616223,2755.2253,0.8712466,0.24092942476272583
LSTM,720,156,Hog_public_Crystal.csv,0.7000773,0.6681298,0.81739205,3.312939,2473.436,0.875268,0.23390597105026245
LSTM,720,168,Hog_public_Crystal.csv,0.70128703,0.6730973,0.8204251,3.3092685,2533.2312,0.8781386,0.22887259721755981
LSTM,720,12,Hog_services_Adrianna.csv,0.41635764,0.5421677,0.7363204,2.7562125,211.47583,0.5312627,0.7177599668502808
LSTM,720,24,Hog_services_Adrianna.csv,0.45868865,0.6939279,0.8330233,3.367814,374.15857,0.60294795,0.6364537477493286
LSTM,720,36,Hog_services_Adrianna.csv,0.47080866,0.7324895,0.855856,3.4393015,407.5878,0.6214458,0.6138051450252533
LSTM,720,48,Hog_services_Adrianna.csv,0.93981,2.4670684,1.5706904,3.1550765,277.47217,1.1441995,-0.309192419052124
LSTM,720,72,Hog_services_Adrianna.csv,0.9358955,2.4394572,1.5618762,3.343671,316.51166,1.1451534,-0.3113764524459839
LSTM,720,96,Hog_services_Adrianna.csv,0.9277228,2.393786,1.5471865,3.2235925,336.12817,1.1413771,-0.30274152755737305
LSTM,720,108,Hog_services_Adrianna.csv,0.93911064,2.4499807,1.5652415,3.2385566,314.3247,1.1582155,-0.3414630889892578
LSTM,720,120,Hog_services_Adrianna.csv,0.9348774,2.435786,1.5607005,2.8782918,237.69153,1.1584796,-0.3420748710632324
LSTM,720,132,Hog_services_Adrianna.csv,0.9430672,2.458123,1.5678402,3.2975984,322.7869,1.1675522,-0.3631781339645386
LSTM,720,144,Hog_services_Adrianna.csv,0.9325081,2.4115713,1.5529234,3.138326,292.1813,1.160284,-0.3462589979171753
LSTM,720,156,Hog_services_Adrianna.csv,0.9395754,2.4436383,1.5632141,3.2052314,316.96378,1.1719402,-0.37344396114349365
LSTM,720,168,Hog_services_Adrianna.csv,0.9306636,2.4081538,1.5518228,3.0005028,272.40543,1.1673985,-0.36281919479370117
CNNLSTM,720,12,Hog_assembly_Colette.csv,0.57189566,0.61837,0.78636503,4.052669,2212.6416,0.78038645,0.390997052192688
CNNLSTM,720,24,Hog_assembly_Colette.csv,0.6259006,0.7080161,0.8414369,4.7201524,3566.064,0.835204,0.30243414640426636
CNNLSTM,720,36,Hog_assembly_Colette.csv,0.6217656,0.700332,0.8368584,4.807135,3765.0327,0.8318951,0.3079504370689392
CNNLSTM,720,48,Hog_assembly_Colette.csv,0.6306701,0.7186103,0.8477088,5.11627,4416.258,0.8433935,0.2886873483657837
CNNLSTM,720,72,Hog_assembly_Colette.csv,0.63473487,0.7280356,0.85325,5.294686,4817.2305,0.84996915,0.27755242586135864
CNNLSTM,720,96,Hog_assembly_Colette.csv,0.63425815,0.7252846,0.8516364,5.2081194,4672.334,0.84894824,0.27928686141967773
CNNLSTM,720,108,Hog_assembly_Colette.csv,0.6345378,0.72396904,0.8508637,5.1173162,4484.7773,0.8482502,0.2804715037345886
CNNLSTM,720,120,Hog_assembly_Colette.csv,0.6363996,0.72579956,0.8519387,5.2006817,4605.9624,0.849164,0.2789205312728882
CNNLSTM,720,132,Hog_assembly_Colette.csv,0.6408108,0.7303029,0.8545776,5.253008,4680.433,0.8515263,0.27490299940109253
CNNLSTM,720,144,Hog_assembly_Colette.csv,0.6422302,0.7383823,0.85929173,5.2898192,4665.9604,0.8558236,0.2675660252571106
CNNLSTM,720,156,Hog_assembly_Colette.csv,0.6451351,0.73951745,0.85995203,5.2796807,4709.5996,0.85602665,0.2672182321548462
CNNLSTM,720,168,Hog_assembly_Colette.csv,0.64833134,0.7446362,0.862923,5.3757124,4725.0244,0.85855603,0.2628815174102783
CNNLSTM,720,12,Hog_education_Casandra.csv,0.5270658,0.5205063,0.72146124,1.7771224,533.36536,0.9008101,0.18854111433029175
CNNLSTM,720,24,Hog_education_Casandra.csv,0.53017604,0.52981144,0.7278815,1.7871238,489.91147,0.9096664,0.1725069284439087
CNNLSTM,720,36,Hog_education_Casandra.csv,0.55321926,0.5905791,0.76849145,2.051667,745.8801,0.96237797,0.07382857799530029
CNNLSTM,720,48,Hog_education_Casandra.csv,0.5595562,0.6029721,0.7765128,2.0857205,773.0284,0.97364926,0.052007079124450684
CNNLSTM,720,72,Hog_education_Casandra.csv,0.5637293,0.61804444,0.786158,2.0877137,787.3859,0.9884459,0.022974729537963867
CNNLSTM,720,96,Hog_education_Casandra.csv,0.5682029,0.62286824,0.78922004,2.0749404,793.4774,0.99480027,0.010372400283813477
CNNLSTM,720,108,Hog_education_Casandra.csv,0.57043386,0.6213253,0.7882419,2.070723,775.6769,0.99423486,0.011497080326080322
CNNLSTM,720,120,Hog_education_Casandra.csv,0.5717529,0.62618864,0.7913208,2.0799475,786.1272,0.9984775,0.00304257869720459
CNNLSTM,720,132,Hog_education_Casandra.csv,0.5708123,0.62205786,0.7887064,2.068261,777.24774,0.9953451,0.009288251399993896
CNNLSTM,720,144,Hog_education_Casandra.csv,0.58456784,0.65143365,0.8071144,2.1170783,814.1668,1.0185801,-0.037505388259887695
CNNLSTM,720,156,Hog_education_Casandra.csv,0.58564043,0.65150297,0.80715734,2.0922446,805.2481,1.0185394,-0.037422776222229004
CNNLSTM,720,168,Hog_education_Casandra.csv,0.58911246,0.6583032,0.81135887,2.1380148,861.16797,1.0236286,-0.047815561294555664
CNNLSTM,720,12,Hog_food_Morgan.csv,0.55439293,0.49528962,0.70376813,0.8574254,18.663265,0.6903881,0.5233642756938934
CNNLSTM,720,24,Hog_food_Morgan.csv,0.5446336,0.483792,0.6955516,0.77148706,5.115997,0.6819603,0.5349301695823669
CNNLSTM,720,36,Hog_food_Morgan.csv,0.6031356,0.5692582,0.75449204,0.83648527,9.288387,0.7393369,0.45338088274002075
CNNLSTM,720,48,Hog_food_Morgan.csv,0.59731245,0.5468717,0.73950773,0.8057267,5.6516356,0.7242554,0.47545403242111206
CNNLSTM,720,72,Hog_food_Morgan.csv,0.62099534,0.5847054,0.7646603,0.82720494,6.4830317,0.7480593,0.44040733575820923
CNNLSTM,720,96,Hog_food_Morgan.csv,0.607348,0.56434304,0.7512277,0.81733483,6.651292,0.734075,0.46113377809524536
CNNLSTM,720,108,Hog_food_Morgan.csv,0.6297533,0.58803,0.7668311,0.84104997,7.5597215,0.74887854,0.43918097019195557
CNNLSTM,720,120,Hog_food_Morgan.csv,0.64329094,0.61350983,0.7832687,0.85088503,7.782962,0.7645049,0.4155322313308716
CNNLSTM,720,132,Hog_food_Morgan.csv,0.58946186,0.5365229,0.73247725,0.7940948,5.5206594,0.714524,0.48945552110671997
CNNLSTM,720,144,Hog_food_Morgan.csv,0.59422606,0.5526537,0.7434068,0.78725153,5.594254,0.7247852,0.4746864438056946
CNNLSTM,720,156,Hog_food_Morgan.csv,0.5808612,0.5287563,0.72715634,0.7780656,5.3202434,0.70858634,0.497905433177948
CNNLSTM,720,168,Hog_food_Morgan.csv,0.6090776,0.56728685,0.7531845,0.79283184,4.8182316,0.7336001,0.46183091402053833
CNNLSTM,720,12,Hog_industrial_Jeremy.csv,0.54783666,0.4243212,0.65139943,2.32173,1751.2462,0.6861451,0.5292048752307892
CNNLSTM,720,24,Hog_industrial_Jeremy.csv,0.6423204,0.5241218,0.7239626,2.4543796,1682.171,0.76211935,0.41917407512664795
CNNLSTM,720,36,Hog_industrial_Jeremy.csv,0.65565306,0.5489848,0.7409351,2.654754,2311.2253,0.77954775,0.39230531454086304
CNNLSTM,720,48,Hog_industrial_Jeremy.csv,0.6649933,0.55203253,0.74298894,2.5363886,2054.9844,0.7811915,0.38973987102508545
CNNLSTM,720,72,Hog_industrial_Jeremy.csv,0.686495,0.57955307,0.7612838,2.9640381,3077.0735,0.7994413,0.3608936071395874
CNNLSTM,720,96,Hog_industrial_Jeremy.csv,0.68532765,0.58957815,0.7678399,2.7660005,2887.265,0.80554396,0.3510989546775818
CNNLSTM,720,108,Hog_industrial_Jeremy.csv,0.6962441,0.6058373,0.7783555,2.7703109,2778.837,0.8162045,0.3338102102279663
CNNLSTM,720,120,Hog_industrial_Jeremy.csv,0.69025064,0.5966728,0.772446,2.621581,2254.948,0.80962497,0.3445073962211609
CNNLSTM,720,132,Hog_industrial_Jeremy.csv,0.65147746,0.5582358,0.7471518,2.3258014,2195.2126,0.78273654,0.3873235583305359
CNNLSTM,720,144,Hog_industrial_Jeremy.csv,0.6565186,0.55815977,0.7471009,2.1941755,1743.7091,0.782279,0.3880395293235779
CNNLSTM,720,156,Hog_industrial_Jeremy.csv,0.6536505,0.55516833,0.7450962,2.0672188,1655.7496,0.77976227,0.39197081327438354
CNNLSTM,720,168,Hog_industrial_Jeremy.csv,0.6533426,0.5447466,0.7380695,2.0694978,1284.4238,0.7719779,0.40405017137527466
CNNLSTM,720,12,Hog_lodging_Hal.csv,0.54751295,0.5368659,0.7327113,4.520191,22315.283,0.7054623,0.5023230910301208
CNNLSTM,720,24,Hog_lodging_Hal.csv,0.60119104,0.6538663,0.80862,4.81827,18068.984,0.78017145,0.3913324475288391
CNNLSTM,720,36,Hog_lodging_Hal.csv,0.5959355,0.6487009,0.8054197,4.9494085,21949.305,0.77814984,0.39448273181915283
CNNLSTM,720,48,Hog_lodging_Hal.csv,0.6081645,0.66939265,0.81816417,6.1354327,33905.387,0.7914502,0.37360668182373047
CNNLSTM,720,72,Hog_lodging_Hal.csv,0.6229509,0.70084226,0.8371632,6.522976,36391.93,0.81098914,0.3422966003417969
CNNLSTM,720,96,Hog_lodging_Hal.csv,0.6362221,0.7310282,0.85500187,6.42003,35039.258,0.8288034,0.31308484077453613
CNNLSTM,720,108,Hog_lodging_Hal.csv,0.6401826,0.72815204,0.8533183,6.2563386,32435.64,0.8275012,0.3152419328689575
CNNLSTM,720,120,Hog_lodging_Hal.csv,0.64267546,0.7334816,0.8564354,6.449424,34194.83,0.83091414,0.3095816373825073
CNNLSTM,720,132,Hog_lodging_Hal.csv,0.6463091,0.73579085,0.85778254,6.6535482,37135.574,0.8327178,0.30658119916915894
CNNLSTM,720,144,Hog_lodging_Hal.csv,0.6531645,0.7586367,0.87099755,6.3137565,33370.965,0.84613883,0.28404903411865234
CNNLSTM,720,156,Hog_lodging_Hal.csv,0.6565758,0.7687751,0.8767982,6.2279778,32427.852,0.85241646,0.2733861804008484
CNNLSTM,720,168,Hog_lodging_Hal.csv,0.6592861,0.76816386,0.8764496,6.5779953,35894.83,0.85278875,0.27275121212005615
CNNLSTM,720,12,Hog_office_Almeda.csv,0.44757044,0.3254671,0.5704973,2.43154,228.00922,0.6119045,0.6255728900432587
CNNLSTM,720,24,Hog_office_Almeda.csv,0.5877364,0.54759663,0.73999774,2.5774565,258.14697,0.79347265,0.37040114402770996
CNNLSTM,720,36,Hog_office_Almeda.csv,0.5785864,0.53680176,0.73266757,2.5292523,270.5808,0.78516364,0.3835179805755615
CNNLSTM,720,48,Hog_office_Almeda.csv,0.594334,0.567174,0.7531096,2.4692457,231.2672,0.8069662,0.3488055467605591
CNNLSTM,720,72,Hog_office_Almeda.csv,0.59759194,0.6000167,0.7746075,2.5220518,275.91354,0.829536,0.3118700385093689
CNNLSTM,720,96,Hog_office_Almeda.csv,0.62418646,0.62801933,0.7924767,2.250741,194.88864,0.8480142,0.2808718681335449
CNNLSTM,720,108,Hog_office_Almeda.csv,0.613679,0.62150764,0.78835756,2.3760183,229.85333,0.84322476,0.28897202014923096
CNNLSTM,720,120,Hog_office_Almeda.csv,0.6115918,0.6206776,0.78783095,2.4069476,235.55962,0.8422715,0.29057884216308594
CNNLSTM,720,132,Hog_office_Almeda.csv,0.60751504,0.6244166,0.79020035,2.510421,260.0192,0.84439814,0.2869917154312134
CNNLSTM,720,144,Hog_office_Almeda.csv,0.60340965,0.61838484,0.7863745,2.6218977,305.26944,0.8399089,0.29455310106277466
CNNLSTM,720,156,Hog_office_Almeda.csv,0.60816616,0.6304525,0.7940104,2.5428164,262.69937,0.8477114,0.2813853621482849
CNNLSTM,720,168,Hog_office_Almeda.csv,0.60814804,0.63094634,0.7943213,2.5668,270.8247,0.8476061,0.2815638780593872
CNNLSTM,720,12,Hog_parking_Jean.csv,0.45083848,0.42715496,0.65357095,0.67163235,21.392641,0.5638301,0.6820956468582153
CNNLSTM,720,24,Hog_parking_Jean.csv,0.49164224,0.5180045,0.71972525,0.60789245,10.803119,0.6233491,0.6114359200000763
CNNLSTM,720,36,Hog_parking_Jean.csv,0.48256135,0.49335992,0.70239586,0.6369214,13.812272,0.61087966,0.6268260478973389
CNNLSTM,720,48,Hog_parking_Jean.csv,0.47636005,0.46986255,0.6854652,0.6610443,16.420166,0.598569,0.6417152285575867
CNNLSTM,720,72,Hog_parking_Jean.csv,0.4910597,0.50837517,0.71300435,0.6153606,10.343157,0.6274184,0.6063461601734161
CNNLSTM,720,96,Hog_parking_Jean.csv,0.4982775,0.5221658,0.7226104,0.60942113,8.798694,0.6404013,0.5898861885070801
CNNLSTM,720,108,Hog_parking_Jean.csv,0.48697895,0.49937552,0.7066651,0.62142044,10.452208,0.62851113,0.6049737334251404
CNNLSTM,720,120,Hog_parking_Jean.csv,0.49410462,0.5166447,0.71878004,0.6121008,8.891839,0.6415932,0.5883581638336182
CNNLSTM,720,132,Hog_parking_Jean.csv,0.48976266,0.50282663,0.7091027,0.6324652,10.696393,0.63529617,0.596398800611496
CNNLSTM,720,144,Hog_parking_Jean.csv,0.5154631,0.5623511,0.74990076,0.6039978,6.27529,0.6743342,0.5452733933925629
CNNLSTM,720,156,Hog_parking_Jean.csv,0.50587803,0.53376585,0.7305928,0.62813616,8.520935,0.6594446,0.5651327669620514
CNNLSTM,720,168,Hog_parking_Jean.csv,0.4865086,0.48755586,0.698252,0.6607677,12.713531,0.6325442,0.5998878180980682
CNNLSTM,720,12,Hog_public_Crystal.csv,0.49653217,0.3897856,0.62432814,2.8493643,3469.4824,0.6708116,0.5500118136405945
CNNLSTM,720,24,Hog_public_Crystal.csv,0.4880701,0.35918874,0.5993236,1.8505327,806.59705,0.6438323,0.5854799747467041
CNNLSTM,720,36,Hog_public_Crystal.csv,0.5008194,0.40832552,0.6390035,2.3899117,1653.7905,0.68657297,0.5286175608634949
CNNLSTM,720,48,Hog_public_Crystal.csv,0.5106134,0.4130744,0.64270866,1.9623334,819.7126,0.6905165,0.5231870412826538
CNNLSTM,720,72,Hog_public_Crystal.csv,0.4818961,0.36939624,0.60777974,1.600055,372.8048,0.6528503,0.5737865567207336
CNNLSTM,720,96,Hog_public_Crystal.csv,0.536802,0.44881734,0.6699383,1.9969729,971.7409,0.71927625,0.48264169692993164
CNNLSTM,720,108,Hog_public_Crystal.csv,0.5234483,0.43651408,0.6606921,1.9462038,978.4132,0.70907074,0.49721860885620117
CNNLSTM,720,120,Hog_public_Crystal.csv,0.5457403,0.46071813,0.6787622,2.2037663,766.20496,0.7280379,0.46996086835861206
CNNLSTM,720,132,Hog_public_Crystal.csv,0.5786255,0.48802617,0.6985887,2.389389,280.25372,0.7488818,0.4391760230064392
CNNLSTM,720,144,Hog_public_Crystal.csv,0.5535878,0.47486186,0.68910223,2.289924,785.31274,0.73829216,0.45492470264434814
CNNLSTM,720,156,Hog_public_Crystal.csv,0.5729149,0.47894365,0.69205755,2.4317846,337.954,0.7410591,0.45083141326904297
CNNLSTM,720,168,Hog_public_Crystal.csv,0.52778316,0.43794847,0.6617767,1.9821491,617.13947,0.70833004,0.49826860427856445
CNNLSTM,720,12,Hog_services_Adrianna.csv,0.99406934,2.7551794,1.6598734,1.6943387,40.059628,1.1976155,-0.43428289890289307
CNNLSTM,720,24,Hog_services_Adrianna.csv,0.99312747,2.7063186,1.6450893,2.6712265,188.88736,1.1907268,-0.417830228805542
CNNLSTM,720,36,Hog_services_Adrianna.csv,0.99073,2.682216,1.6377472,3.0466135,260.98822,1.1891849,-0.41416072845458984
CNNLSTM,720,48,Hog_services_Adrianna.csv,0.9891425,2.6810842,1.6374017,3.0047646,254.18831,1.1927966,-0.4227635860443115
CNNLSTM,720,72,Hog_services_Adrianna.csv,0.97160685,2.5897293,1.6092635,2.571707,156.66563,1.1798975,-0.39215803146362305
CNNLSTM,720,96,Hog_services_Adrianna.csv,0.98190635,2.6609254,1.6312343,2.670787,186.71367,1.2033801,-0.448123574256897
CNNLSTM,720,108,Hog_services_Adrianna.csv,0.9756424,2.6269026,1.6207722,2.6872876,184.92134,1.199306,-0.4383348226547241
CNNLSTM,720,120,Hog_services_Adrianna.csv,0.9742381,2.6221497,1.6193054,2.6973932,189.8645,1.201981,-0.44475793838500977
CNNLSTM,720,132,Hog_services_Adrianna.csv,0.9635438,2.5643132,1.6013473,2.662454,178.38428,1.1925044,-0.42206692695617676
CNNLSTM,720,144,Hog_services_Adrianna.csv,0.96504545,2.582132,1.6069014,2.6340525,171.4344,1.2006142,-0.44147443771362305
CNNLSTM,720,156,Hog_services_Adrianna.csv,0.96059585,2.5456498,1.5955093,2.7746367,199.44072,1.1961519,-0.4307793378829956
CNNLSTM,720,168,Hog_services_Adrianna.csv,0.96032363,2.5501602,1.596922,2.7475026,202.17944,1.2013255,-0.4431830644607544
Autoformer,720,12,Hog_assembly_Colette.csv,0.58160037,0.57781565,0.76014185,1.8137794,388.75897,0.75890136,0.4240686297416687
Autoformer,720,24,Hog_assembly_Colette.csv,0.62073743,0.6504462,0.80650246,1.8100482,314.00745,0.80760497,0.3477742671966553
Autoformer,720,36,Hog_assembly_Colette.csv,0.6464248,0.6971191,0.8349366,1.9405931,507.83466,0.83833015,0.29720252752304077
Autoformer,720,48,Hog_assembly_Colette.csv,0.6498538,0.7043685,0.8392666,1.9267607,512.1508,0.8447016,0.28647923469543457
Autoformer,720,72,Hog_assembly_Colette.csv,0.6662167,0.73520744,0.8574424,1.9400802,525.97906,0.8663689,0.2494049072265625
Autoformer,720,84,Hog_assembly_Colette.csv,0.6744811,0.7511343,0.86668,1.9931297,609.3472,0.8770192,0.23083722591400146
Autoformer,720,96,Hog_assembly_Colette.csv,0.67452586,0.7490374,0.86546946,2.0069604,577.8275,0.8769404,0.23097550868988037
Autoformer,720,108,Hog_assembly_Colette.csv,0.6715801,0.7440938,0.86260873,1.9798629,647.835,0.87517965,0.23406058549880981
Autoformer,720,120,Hog_assembly_Colette.csv,0.6755872,0.7539184,0.86828476,2.0136833,594.74615,0.8823247,0.2215031385421753
Autoformer,720,132,Hog_assembly_Colette.csv,0.69227296,0.7788192,0.8825073,2.1648955,620.06775,0.89828426,0.1930854320526123
Autoformer,720,144,Hog_assembly_Colette.csv,0.6776718,0.7557815,0.86935693,2.0409503,617.0578,0.8863549,0.21437478065490723
Autoformer,720,156,Hog_assembly_Colette.csv,0.67337483,0.74691063,0.86423993,2.0164468,676.9104,0.882586,0.22104203701019287
Autoformer,720,168,Hog_assembly_Colette.csv,0.69183564,0.7726079,0.8789812,2.1392486,523.47186,0.8990794,0.19165635108947754
Informer,720,12,Hog_assembly_Colette.csv,0.5589489,0.5546054,0.7447184,1.64957,398.20566,0.74350303,0.4472031593322754
Informer,720,24,Hog_assembly_Colette.csv,0.5968738,0.6098844,0.78095096,1.6554648,388.07428,0.78201854,0.3884470462799072
Informer,720,36,Hog_assembly_Colette.csv,0.61623144,0.6422068,0.8013781,1.718503,522.67755,0.8046352,0.35256218910217285
Transformer,720,12,Hog_assembly_Colette.csv,0.40472803,0.3458071,0.58805364,1.202066,149.32106,0.587094,0.6553205847740173
Transformer,720,24,Hog_assembly_Colette.csv,0.6203299,0.66124845,0.81317186,1.8235185,286.1292,0.8142835,0.3369424343109131
Transformer,720,36,Hog_assembly_Colette.csv,0.66889083,0.7588206,0.8711031,1.7795855,202.19966,0.8746437,0.23499846458435059
Transformer,720,48,Hog_assembly_Colette.csv,0.7726303,0.9547148,0.97709507,2.0337703,237.91734,0.9834225,0.03288006782531738
Transformer,720,72,Hog_assembly_Colette.csv,0.83892345,1.0967925,1.0472786,2.2782187,280.86563,1.0581815,-0.11974799633026123
Transformer,720,84,Hog_assembly_Colette.csv,0.8349344,1.0894908,1.0437868,2.1477644,241.84811,1.0562388,-0.11564040184020996
Transformer,720,96,Hog_assembly_Colette.csv,0.86522156,1.1562637,1.075297,2.373323,302.28268,1.0895491,-0.18711721897125244
Transformer,720,108,Hog_assembly_Colette.csv,0.8824899,1.193511,1.0924793,2.5881078,408.79623,1.1084002,-0.22855103015899658
Transformer,720,120,Hog_assembly_Colette.csv,0.87478465,1.1702888,1.0817989,2.5490925,408.58383,1.0992913,-0.20844125747680664
Transformer,720,132,Hog_assembly_Colette.csv,0.87720144,1.1780896,1.0853983,2.5501115,431.8359,1.1048024,-0.22058844566345215
Transformer,720,144,Hog_assembly_Colette.csv,0.8807005,1.1734244,1.0832472,2.5077224,434.38028,1.1044273,-0.21975970268249512
Transformer,720,156,Hog_assembly_Colette.csv,0.8586961,1.136886,1.0662485,2.399929,292.92957,1.0888829,-0.18566596508026123
Transformer,720,168,Hog_assembly_Colette.csv,0.8847626,1.1988155,1.0949043,2.5573688,407.51868,1.1199396,-0.25426459312438965
Transformer,720,12,Hog_education_Casandra.csv,0.41658393,0.36121622,0.60101265,1.0629183,39.424084,0.6150821,0.6216740012168884
Transformer,720,24,Hog_education_Casandra.csv,0.5043176,0.47720304,0.6907988,1.2121984,39.53983,0.7092074,0.4970248341560364
Transformer,720,36,Hog_education_Casandra.csv,0.5557289,0.5537875,0.744169,1.2986329,40.895573,0.7660579,0.41315531730651855
Transformer,720,48,Hog_education_Casandra.csv,0.71146506,0.8622102,0.92855275,1.7334479,71.97635,0.9581936,0.08186501264572144
Transformer,720,72,Hog_education_Casandra.csv,0.61540127,0.64573425,0.80357593,1.3568972,66.6463,0.8325824,0.3068065643310547
Transformer,720,84,Hog_education_Casandra.csv,0.6244224,0.6588144,0.8116738,1.3720566,73.87977,0.8423152,0.29050499200820923
Transformer,720,96,Hog_education_Casandra.csv,0.77932054,0.99377674,0.9968835,1.7915095,83.86441,1.0359753,-0.07324469089508057
Transformer,720,108,Hog_education_Casandra.csv,0.8429969,1.1786653,1.0856636,2.0810027,113.294685,1.1298144,-0.2764805555343628
Transformer,720,120,Hog_education_Casandra.csv,0.8680624,1.2358724,1.111698,2.2471213,142.84831,1.1588603,-0.3429572582244873
Transformer,720,132,Hog_education_Casandra.csv,0.87713295,1.2659951,1.1251645,2.3368173,160.96228,1.1750172,-0.3806654214859009
Transformer,720,144,Hog_education_Casandra.csv,0.8041976,1.0326618,1.0161997,1.7260689,79.23867,1.063133,-0.13025164604187012
Transformer,720,156,Hog_education_Casandra.csv,0.65677714,0.70450824,0.83934987,1.3832154,64.74054,0.87969875,0.22613006830215454
Transformer,720,168,Hog_education_Casandra.csv,0.8076341,1.0446674,1.0220897,1.8347526,87.54388,1.073104,-0.1515522003173828
Transformer,720,12,Hog_food_Morgan.csv,0.40163666,0.33970013,0.582838,0.9306121,14.766533,0.5824619,0.6607381403446198
Transformer,720,24,Hog_food_Morgan.csv,0.6540854,0.71438175,0.8452111,1.4802828,21.865913,0.84703964,0.2825237512588501
Transformer,720,36,Hog_food_Morgan.csv,0.73450196,0.86962557,0.93253714,1.5870354,28.879284,0.93667394,0.12264180183410645
Transformer,720,48,Hog_food_Morgan.csv,0.7949295,1.0035037,1.0017503,1.6710188,44.26869,1.0082812,-0.016631126403808594
Transformer,720,72,Hog_food_Morgan.csv,0.9307908,1.3557667,1.1643739,1.9951515,72.81689,1.1758409,-0.3826017379760742
Transformer,720,84,Hog_food_Morgan.csv,0.9318354,1.3519084,1.162716,1.9767997,75.041565,1.1756135,-0.3820672035217285
Transformer,720,96,Hog_food_Morgan.csv,0.9445632,1.3918287,1.1797578,1.921024,74.483604,1.1941419,-0.42597496509552
Transformer,720,108,Hog_food_Morgan.csv,0.939579,1.3764304,1.1732137,1.9242728,76.413536,1.1888281,-0.4133124351501465
Transformer,720,120,Hog_food_Morgan.csv,0.9368392,1.372417,1.171502,1.9127308,77.97563,1.1887829,-0.41320502758026123
Transformer,720,132,Hog_food_Morgan.csv,0.96120286,1.4461129,1.2025443,1.9946594,72.04614,1.2221781,-0.493719220161438
Transformer,720,144,Hog_food_Morgan.csv,0.94235563,1.3880044,1.178136,1.9058181,60.15811,1.1992251,-0.43814074993133545
Transformer,720,156,Hog_food_Morgan.csv,0.971473,1.4637555,1.2098576,2.0299115,73.24326,1.2334433,-0.5213823318481445
Transformer,720,168,Hog_food_Morgan.csv,0.999766,1.5305097,1.2371377,2.1167572,82.85144,1.2631783,-0.5956195592880249
Transformer,720,12,Hog_industrial_Jeremy.csv,0.40592876,0.33896977,0.5822111,1.1503407,142.52171,0.5884238,0.6537574827671051
Transformer,720,24,Hog_industrial_Jeremy.csv,0.4931825,0.45398003,0.6737804,1.4026338,307.69684,0.68297255,0.533548504114151
Transformer,720,36,Hog_industrial_Jeremy.csv,0.5505669,0.5366259,0.7325476,1.4917527,505.3966,0.74433446,0.4459661841392517
Transformer,720,48,Hog_industrial_Jeremy.csv,0.5842599,0.58642775,0.7657857,1.5505228,602.33234,0.77981675,0.39188581705093384
Transformer,720,72,Hog_industrial_Jeremy.csv,0.85172135,1.1355966,1.0656438,2.0442743,249.98532,1.089029,-0.18598401546478271
Transformer,720,84,Hog_industrial_Jeremy.csv,0.8553025,1.147859,1.0713818,2.0372036,194.5239,1.0963893,-0.20206940174102783
Transformer,720,96,Hog_industrial_Jeremy.csv,0.838669,1.1059366,1.0516353,1.9454236,190.20992,1.0775075,-0.16102242469787598
Transformer,720,108,Hog_industrial_Jeremy.csv,0.8659324,1.1756608,1.084279,2.0749063,171.97012,1.1123428,-0.2373065948486328
Transformer,720,120,Hog_industrial_Jeremy.csv,0.8928501,1.2559072,1.1206727,2.2028382,171.10963,1.1514723,-0.3258885145187378
Transformer,720,132,Hog_industrial_Jeremy.csv,0.86731017,1.1642218,1.078991,2.2663038,1955.2546,1.1105216,-0.23325812816619873
Transformer,720,144,Hog_industrial_Jeremy.csv,0.91887015,1.3096048,1.1443796,2.2410176,204.82547,1.1798031,-0.3919353485107422
Transformer,720,156,Hog_industrial_Jeremy.csv,0.89338464,1.2506022,1.1183033,2.1986578,223.60463,1.1548737,-0.33373332023620605
Transformer,720,168,Hog_industrial_Jeremy.csv,0.88987195,1.2228172,1.1058106,2.1964197,210.93213,1.1438532,-0.3084002733230591
Transformer,720,12,Hog_lodging_Hal.csv,0.41666523,0.3571994,0.5976616,1.6726507,5610.8525,0.5877754,0.6545200347900391
Transformer,720,24,Hog_lodging_Hal.csv,0.5106271,0.48120713,0.69369096,1.8132682,4155.7153,0.6841903,0.5318836867809296
Transformer,720,36,Hog_lodging_Hal.csv,0.5686365,0.5650818,0.75171924,2.0858598,6525.991,0.7431054,0.4477943181991577
Transformer,720,48,Hog_lodging_Hal.csv,0.98838806,1.6589034,1.2879843,8.188994,445377.3,1.2758653,-0.6278321743011475
Transformer,720,72,Hog_lodging_Hal.csv,1.0535289,1.8409958,1.356833,9.126067,551897.1,1.3484123,-0.8182158470153809
Transformer,720,84,Hog_lodging_Hal.csv,1.0439961,1.7765945,1.3328896,8.558497,466027.8,1.3261913,-0.7587834596633911
Transformer,720,96,Hog_lodging_Hal.csv,1.0748513,1.8911829,1.3752029,9.250957,553442.4,1.3697311,-0.876163125038147
Transformer,720,108,Hog_lodging_Hal.csv,1.1067812,2.0166104,1.4200741,9.958282,657735.6,1.4159439,-1.004896879196167
Transformer,720,120,Hog_lodging_Hal.csv,1.1221234,2.0696607,1.4386315,10.314242,700356.2,1.436445,-1.0633742809295654
Transformer,720,132,Hog_lodging_Hal.csv,1.1404773,2.1603286,1.4698056,10.828312,775417.2,1.4698129,-1.1603498458862305
Transformer,720,144,Hog_lodging_Hal.csv,1.1404599,2.170786,1.4733588,10.923693,794086.6,1.4756111,-1.1774280071258545
Transformer,720,156,Hog_lodging_Hal.csv,1.1720942,2.3034115,1.5176994,11.801964,920071.4,1.5223529,-1.3175585269927979
Transformer,720,168,Hog_lodging_Hal.csv,1.1998006,2.4252248,1.5573133,12.255349,989321.7,1.564451,-1.4475069046020508
Transformer,720,12,Hog_office_Almeda.csv,0.41056716,0.3440871,0.5865894,1.1670719,78.2282,0.59382343,0.6473737061023712
Transformer,720,24,Hog_office_Almeda.csv,0.49563232,0.4591135,0.67757916,1.3517826,101.83913,0.68799114,0.5266682505607605
Transformer,720,36,Hog_office_Almeda.csv,0.5433301,0.53308547,0.73012704,1.4554199,100.409966,0.74314743,0.4477319121360779
Transformer,720,48,Hog_office_Almeda.csv,0.5728808,0.57646096,0.7592503,1.5178186,99.52703,0.77455306,0.4000675678253174
Transformer,720,72,Hog_office_Almeda.csv,0.6028742,0.61750144,0.7858126,1.5397289,76.72247,0.8045774,0.352655291557312
Transformer,720,84,Hog_office_Almeda.csv,0.793669,1.0016031,1.0008012,1.9857438,89.20006,1.0261108,-0.05290329456329346
Transformer,720,96,Hog_office_Almeda.csv,0.78320503,0.9763288,0.9880935,1.9106114,86.04023,1.0143316,-0.028868675231933594
Transformer,720,108,Hog_office_Almeda.csv,0.8608058,1.163012,1.0784303,2.0605106,73.43441,1.1084415,-0.22864246368408203
Transformer,720,120,Hog_office_Almeda.csv,0.7998947,1.015269,1.0076056,1.8633565,69.3899,1.0372493,-0.07588601112365723
Transformer,720,132,Hog_office_Almeda.csv,0.63994503,0.6679369,0.8172741,1.6146426,72.322395,0.84273434,0.2897987961769104
Transformer,720,144,Hog_office_Almeda.csv,0.83760834,1.105545,1.0514491,2.0317996,94.70167,1.0860331,-0.1794677972793579
Transformer,720,156,Hog_office_Almeda.csv,0.8320547,1.0812485,1.039831,2.046971,90.49072,1.0758767,-0.15751075744628906
Transformer,720,168,Hog_office_Almeda.csv,0.850697,1.1162957,1.056549,2.0471284,72.61876,1.0949907,-0.19900476932525635
Transformer,720,12,Hog_parking_Jean.csv,0.38625562,0.32582048,0.57080686,0.9061001,13.949572,0.5592016,0.6872935891151428
Transformer,720,24,Hog_parking_Jean.csv,0.64358443,0.6936147,0.8328354,1.5638089,30.155169,0.8187702,0.32961541414260864
Transformer,720,36,Hog_parking_Jean.csv,0.6985566,0.79739493,0.8929697,1.5701578,31.115881,0.88057166,0.22459352016448975
Transformer,720,48,Hog_parking_Jean.csv,0.74061054,0.87020886,0.9328499,1.6117297,39.304787,0.9225131,0.1489695906639099
Transformer,720,72,Hog_parking_Jean.csv,0.8811328,1.2497708,1.1179315,1.8948572,46.27231,1.1108724,-0.23403728008270264
Transformer,720,84,Hog_parking_Jean.csv,0.8951252,1.2790235,1.1309392,1.9337631,48.125,1.1259962,-0.2678673267364502
Transformer,720,96,Hog_parking_Jean.csv,0.90171087,1.3028754,1.1414356,1.9526165,49.64265,1.1385118,-0.2962089776992798
Transformer,720,108,Hog_parking_Jean.csv,0.9080181,1.3031317,1.1415479,1.9746906,50.610767,1.1407156,-0.30123233795166016
Transformer,720,120,Hog_parking_Jean.csv,0.613353,0.64163566,0.80102164,1.3250395,27.877846,0.80214804,0.3565584421157837
Transformer,720,132,Hog_parking_Jean.csv,0.90639585,1.3001955,1.1402612,1.9585724,50.607124,1.1444647,-0.30979955196380615
Transformer,720,144,Hog_parking_Jean.csv,0.62394387,0.65612453,0.81001514,1.3785524,28.126493,0.8148492,0.336020827293396
Transformer,720,156,Hog_parking_Jean.csv,0.9371819,1.3616326,1.1668901,2.060123,59.540592,1.176549,-0.38426756858825684
Transformer,720,168,Hog_parking_Jean.csv,0.9360991,1.3624148,1.1672252,2.0620313,64.73111,1.1795114,-0.3912472724914551
Transformer,720,12,Hog_public_Crystal.csv,0.39186528,0.32820368,0.57289064,1.1360776,382.6965,0.5805732,0.6629347801208496
Transformer,720,24,Hog_public_Crystal.csv,0.47708452,0.44089732,0.664001,1.2965417,235.29669,0.674926,0.5444749593734741
Transformer,720,36,Hog_public_Crystal.csv,0.52544016,0.5134985,0.7165881,1.3635088,166.2377,0.7302077,0.46679675579071045
Transformer,720,48,Hog_public_Crystal.csv,0.5534344,0.55559415,0.7453819,1.4174913,234.86931,0.7612818,0.42045003175735474
Transformer,720,72,Hog_public_Crystal.csv,0.5823598,0.5941885,0.77083623,1.5066159,490.8404,0.7901914,0.3755974769592285
Transformer,720,84,Hog_public_Crystal.csv,0.59185785,0.6040067,0.7771787,1.526846,518.5982,0.7978222,0.36347973346710205
Transformer,720,96,Hog_public_Crystal.csv,0.8426067,1.0891838,1.0436397,2.1863923,1445.4185,1.0726963,-0.15067732334136963
Transformer,720,108,Hog_public_Crystal.csv,0.8541561,1.1183228,1.0575079,2.254638,1476.4164,1.0883178,-0.18443560600280762
Transformer,720,120,Hog_public_Crystal.csv,0.8579675,1.1266437,1.0614347,2.1945872,1352.8652,1.0940498,-0.1969449520111084
Transformer,720,132,Hog_public_Crystal.csv,0.8691538,1.1598512,1.0769639,2.2805374,1518.814,1.1119286,-0.23638510704040527
Transformer,720,144,Hog_public_Crystal.csv,0.8606137,1.1453167,1.0701947,2.1605978,858.53314,1.106801,-0.22500836849212646
Transformer,720,156,Hog_public_Crystal.csv,0.8675346,1.1668466,1.0802068,2.1937711,759.1643,1.1190594,-0.25229406356811523
Transformer,720,168,Hog_public_Crystal.csv,0.8888829,1.2094198,1.0997362,2.3860693,968.5381,1.1411983,-0.3023334741592407
Transformer,720,12,Hog_services_Adrianna.csv,0.39559674,0.34149376,0.58437467,1.2899554,56.332867,0.52913404,0.72001713514328
Transformer,720,24,Hog_services_Adrianna.csv,0.8015697,1.1826603,1.0875019,2.856318,533.39655,0.9881686,0.023522794246673584
Transformer,720,36,Hog_services_Adrianna.csv,0.89954686,1.4217079,1.192354,3.7775166,1525.934,1.0867432,-0.18101072311401367
Transformer,720,48,Hog_services_Adrianna.csv,0.7734282,1.0114019,1.0056847,2.3849056,362.2207,0.9192818,0.15492117404937744
Transformer,720,72,Hog_services_Adrianna.csv,0.9866936,1.6228278,1.2739025,3.732865,907.93134,1.170425,-0.3698948621749878
Transformer,720,84,Hog_services_Adrianna.csv,0.9507668,1.5135273,1.230255,5.1253686,3419.171,1.1327811,-0.2831932306289673
Transformer,720,96,Hog_services_Adrianna.csv,0.93049914,1.50892,1.228381,3.6563485,875.3821,1.1333679,-0.2845228910446167
Transformer,720,108,Hog_services_Adrianna.csv,0.94192183,1.5419219,1.2417414,3.6582355,904.7851,1.148055,-0.31803035736083984
Transformer,720,120,Hog_services_Adrianna.csv,0.90582085,1.4493266,1.2038798,2.7422142,279.01675,1.115692,-0.24476861953735352
Transformer,720,132,Hog_services_Adrianna.csv,0.92870843,1.5004624,1.2249336,3.6459408,928.61255,1.1380656,-0.295193076133728
Transformer,720,144,Hog_services_Adrianna.csv,0.92577815,1.464413,1.2101294,3.5576646,852.9557,1.1271651,-0.27050113677978516
Transformer,720,156,Hog_services_Adrianna.csv,0.9284346,1.470142,1.2124941,3.6244774,1007.2274,1.1322707,-0.2820369005203247
Transformer,720,168,Hog_services_Adrianna.csv,0.99933505,1.7404029,1.3192433,3.813993,974.62695,1.2350968,-0.5254641771316528
LSTM,720,84,Hog_assembly_Colette.csv,0.6343798,0.7348302,0.8572224,5.3085003,5022.683,0.85434824,0.27008914947509766
LSTM,720,84,Hog_education_Casandra.csv,0.5166389,0.56509566,0.7517285,1.9722527,492.50607,0.94655377,0.10403597354888916
LSTM,720,84,Hog_food_Morgan.csv,0.55359584,0.48476467,0.69625044,0.8704602,15.6303215,0.68073875,0.5365947186946869
LSTM,720,84,Hog_industrial_Jeremy.csv,0.7228553,0.65584177,0.80984056,3.597666,5768.926,0.84996915,0.27755242586135864
LSTM,720,84,Hog_lodging_Hal.csv,0.8981035,1.3930808,1.1802884,15.702453,366003.66,1.143978,-0.3086857795715332
LSTM,720,84,Hog_office_Almeda.csv,0.574024,0.567842,0.7535529,2.4921236,321.60947,0.806628,0.3493512272834778
LSTM,720,84,Hog_parking_Jean.csv,0.35236558,0.22790459,0.47739354,0.5136283,5.2323637,0.42187253,0.822023555636406
LSTM,720,84,Hog_public_Crystal.csv,0.68094,0.630562,0.79407936,3.3349924,2577.3542,0.8528345,0.27267324924468994
LSTM,720,84,Hog_services_Adrianna.csv,0.93799,2.4498465,1.5651985,3.1469347,295.26743,1.151857,-0.3267747163772583
Autoformer,720,12,Hog_assembly_Colette.csv,0.56118554,0.5491127,0.7410214,1.8033372,286.4769,0.74288344,0.4481242299079895
Autoformer,720,24,Hog_assembly_Colette.csv,0.63916475,0.6869851,0.8288456,1.9002001,458.48282,0.83986336,0.2946295738220215
Autoformer,720,36,Hog_assembly_Colette.csv,0.6611053,0.7234943,0.8505847,1.9146631,511.39957,0.8600397,0.2603316903114319
Autoformer,720,48,Hog_assembly_Colette.csv,0.6597299,0.72838664,0.8534557,1.9063338,501.68314,0.8607438,0.25912004709243774
Autoformer,720,72,Hog_assembly_Colette.csv,0.66555136,0.7338324,0.8566402,1.9337053,525.2213,0.8690657,0.24472475051879883
Autoformer,720,84,Hog_assembly_Colette.csv,0.66968215,0.73992085,0.8601865,1.9508033,636.5153,0.8707143,0.24185657501220703
Autoformer,720,96,Hog_assembly_Colette.csv,0.6733395,0.7469305,0.8642514,2.0064926,556.2481,0.8807824,0.2242223620414734
Autoformer,720,108,Hog_assembly_Colette.csv,0.68230516,0.76091975,0.8723071,2.068988,737.88446,0.8873585,0.2125949263572693
Autoformer,720,120,Hog_assembly_Colette.csv,0.676381,0.75110084,0.8666607,2.039975,576.9916,0.88827306,0.210970938205719
Autoformer,720,132,Hog_assembly_Colette.csv,0.689361,0.7711396,0.8781456,2.1200373,546.49023,0.8985126,0.19267505407333374
Autoformer,720,144,Hog_assembly_Colette.csv,0.6831736,0.76364285,0.8738666,2.087683,651.89825,0.8923595,0.20369452238082886
Autoformer,720,156,Hog_assembly_Colette.csv,0.6895479,0.77133274,0.8782555,2.1996849,622.15875,0.90346265,0.18375515937805176
Autoformer,720,168,Hog_assembly_Colette.csv,0.68150425,0.7594482,0.87146324,2.1102226,626.1172,0.8947801,0.1993686556816101
Informer,720,12,Hog_assembly_Colette.csv,0.8772061,1.2036973,1.0971314,2.2216382,256.0412,1.0998883,-0.20975422859191895
Informer,720,24,Hog_assembly_Colette.csv,0.66571385,0.71672404,0.8465956,1.869537,600.8857,0.85784924,0.2640947103500366
Informer,720,36,Hog_assembly_Colette.csv,0.66618013,0.71765584,0.8471457,1.7809476,440.7887,0.85656244,0.26630067825317383
Informer,720,48,Hog_assembly_Colette.csv,0.669341,0.7269001,0.85258436,1.857843,518.55096,0.85986507,0.26063209772109985
Informer,720,72,Hog_assembly_Colette.csv,0.669297,0.726827,0.8525415,1.927678,554.0375,0.86490756,0.25193482637405396
Informer,720,84,Hog_assembly_Colette.csv,0.6762355,0.73805374,0.8591005,2.0238535,677.76843,0.869615,0.2437695860862732
Informer,720,96,Hog_assembly_Colette.csv,0.6749614,0.73376995,0.85660374,2.0055315,602.6421,0.87298846,0.23789113759994507
Informer,720,108,Hog_assembly_Colette.csv,0.67621785,0.7376849,0.8588858,2.0009277,642.7709,0.87370557,0.23663854598999023
Informer,720,120,Hog_assembly_Colette.csv,0.6809528,0.74234927,0.86159694,2.1000607,747.0993,0.8830829,0.2201644778251648
Informer,720,132,Hog_assembly_Colette.csv,0.6822436,0.7460192,0.863724,2.1985211,1023.787,0.8837566,0.2189742922782898
Informer,720,144,Hog_assembly_Colette.csv,0.6854581,0.74921024,0.8655693,2.22881,1201.293,0.88388664,0.2187444567680359
Informer,720,156,Hog_assembly_Colette.csv,0.6795993,0.742516,0.8616937,2.0956616,856.87024,0.8864255,0.214249849319458
Informer,720,168,Hog_assembly_Colette.csv,0.67800474,0.7385753,0.859404,2.058727,747.7259,0.8823982,0.22137343883514404
Autoformer,720,12,Hog_education_Casandra.csv,0.5698194,0.5698217,0.75486535,1.5128319,148.46048,0.775959,0.39788758754730225
Autoformer,720,24,Hog_education_Casandra.csv,0.63184047,0.6744127,0.82122636,1.4034787,61.79007,0.8534698,0.2715892791748047
Autoformer,720,36,Hog_education_Casandra.csv,0.6391299,0.6817288,0.8256687,1.4260671,56.58482,0.85614663,0.26701295375823975
Autoformer,720,48,Hog_education_Casandra.csv,0.6502783,0.7128707,0.8443167,1.4010599,58.850384,0.8731285,0.2376466989517212
Autoformer,720,72,Hog_education_Casandra.csv,0.6535562,0.7176273,0.84712887,1.4053419,39.89142,0.88139594,0.22314131259918213
Autoformer,720,84,Hog_education_Casandra.csv,0.6559368,0.722059,0.84974056,1.4042577,37.984787,0.8821003,0.2218990921974182
Autoformer,720,96,Hog_education_Casandra.csv,0.6566299,0.7256944,0.851877,1.4279561,34.851154,0.89063793,0.20676404237747192
Autoformer,720,108,Hog_education_Casandra.csv,0.6555139,0.72060513,0.84888464,1.4203644,53.157146,0.88584924,0.21527105569839478
Autoformer,720,120,Hog_education_Casandra.csv,0.6530844,0.712308,0.8439834,1.4092915,44.7618,0.8877365,0.2119237780570984
Autoformer,720,132,Hog_education_Casandra.csv,0.65259975,0.7149972,0.84557503,1.4394231,32.912285,0.8878797,0.2116694450378418
Autoformer,720,144,Hog_education_Casandra.csv,0.65527356,0.7205834,0.8488718,1.414113,34.730774,0.8895496,0.20870143175125122
Autoformer,720,156,Hog_education_Casandra.csv,0.6547041,0.71352804,0.8447059,1.4372339,34.588024,0.89213014,0.20410388708114624
Autoformer,720,168,Hog_education_Casandra.csv,0.65366334,0.71521586,0.8457044,1.4432799,39.76017,0.8914748,0.20527267456054688
Informer,720,12,Hog_education_Casandra.csv,0.68277496,0.7304423,0.85465914,1.5181974,90.22304,0.87854147,0.2281649112701416
Informer,720,24,Hog_education_Casandra.csv,0.66321564,0.7170252,0.84677345,1.3762603,81.130424,0.88001996,0.22556495666503906
Informer,720,36,Hog_education_Casandra.csv,0.6742919,0.7280652,0.8532674,1.467052,77.779434,0.8847641,0.21719253063201904
Informer,720,48,Hog_education_Casandra.csv,0.68533087,0.7459431,0.86368,1.4886112,93.05547,0.89315253,0.20227855443954468
Informer,720,72,Hog_education_Casandra.csv,0.6827844,0.74255484,0.8617162,1.4408915,71.42696,0.8965734,0.19615626335144043
Informer,720,84,Hog_education_Casandra.csv,0.6903847,0.7549189,0.86886066,1.4545044,65.55377,0.9019485,0.18648886680603027
Informer,720,96,Hog_education_Casandra.csv,0.6928506,0.7599399,0.87174535,1.4774451,70.50841,0.9114103,0.16933125257492065
Informer,720,108,Hog_education_Casandra.csv,0.69517756,0.75956666,0.87153125,1.4630597,61.208466,0.909482,0.17284250259399414
Informer,720,120,Hog_education_Casandra.csv,0.6921458,0.7542133,0.8684545,1.4562386,52.11411,0.9134762,0.16556107997894287
Informer,720,132,Hog_education_Casandra.csv,0.69231683,0.7529523,0.86772823,1.4975322,67.79034,0.91114134,0.16982150077819824
Informer,720,144,Hog_education_Casandra.csv,0.6944026,0.7599324,0.871741,1.4791234,62.58307,0.9135147,0.16549092531204224
Informer,720,156,Hog_education_Casandra.csv,0.6897859,0.74932617,0.8656363,1.472303,64.869064,0.9142356,0.16417324542999268
Informer,720,168,Hog_education_Casandra.csv,0.6937839,0.7570826,0.8701049,1.4921571,60.730766,0.9171959,0.15875154733657837
Autoformer,720,12,Hog_food_Morgan.csv,0.5708972,0.5602025,0.74846673,1.421266,70.109375,0.7511246,0.4358118176460266
Autoformer,720,24,Hog_food_Morgan.csv,0.62234783,0.6563491,0.8101538,1.3373657,29.18773,0.821318,0.3254368305206299
Autoformer,720,36,Hog_food_Morgan.csv,0.64022213,0.68411446,0.82711214,1.3473535,28.466599,0.8364897,0.3002849817276001
Autoformer,720,48,Hog_food_Morgan.csv,0.6437447,0.69388026,0.83299476,1.3384793,27.49615,0.84011376,0.2942088842391968
Autoformer,720,72,Hog_food_Morgan.csv,0.6406327,0.688207,0.8295824,1.3222517,23.404137,0.8410465,0.292640745639801
Autoformer,720,84,Hog_food_Morgan.csv,0.6832031,0.749835,0.86593014,1.3885736,28.99234,0.8757965,0.2329806089401245
Autoformer,720,96,Hog_food_Morgan.csv,0.6451859,0.6966046,0.8346284,1.328913,25.40681,0.8495692,0.2782320976257324
Autoformer,720,108,Hog_food_Morgan.csv,0.64501005,0.69917136,0.83616465,1.3183112,20.077454,0.8494846,0.27837592363357544
Autoformer,720,120,Hog_food_Morgan.csv,0.6398543,0.6890592,0.8300959,1.3263593,20.696012,0.8494432,0.2784462571144104
Autoformer,720,132,Hog_food_Morgan.csv,0.6420239,0.6925153,0.8321751,1.331631,20.962742,0.8500879,0.27735060453414917
Autoformer,720,144,Hog_food_Morgan.csv,0.7710089,0.9429246,0.97104305,1.6081761,44.27285,0.9899568,0.019985496997833252
Autoformer,720,156,Hog_food_Morgan.csv,0.64166105,0.6898475,0.8305706,1.3333253,20.876682,0.85284245,0.2726597785949707
Autoformer,720,168,Hog_food_Morgan.csv,0.7530604,0.8939176,0.9454722,1.5742434,41.834465,0.96898216,0.0610736608505249
Informer,720,12,Hog_food_Morgan.csv,0.7965344,0.9366754,0.9678199,1.3856373,27.678358,0.9712568,0.056660354137420654
Informer,720,24,Hog_food_Morgan.csv,0.75666106,0.88154554,0.93890655,1.4046624,38.94994,0.951845,0.09399110078811646
Informer,720,36,Hog_food_Morgan.csv,0.71827126,0.7853781,0.8862156,1.1714231,16.430794,0.8962633,0.19671213626861572
Informer,720,48,Hog_food_Morgan.csv,0.6960953,0.7580165,0.87064147,1.2199646,17.12403,0.8780822,0.2289717197418213
Informer,720,72,Hog_food_Morgan.csv,0.696081,0.7588624,0.87112707,1.2653508,17.030224,0.88316524,0.22001904249191284
Informer,720,84,Hog_food_Morgan.csv,0.7073869,0.7797045,0.8830088,1.263883,16.51809,0.8930697,0.20242655277252197
Informer,720,96,Hog_food_Morgan.csv,0.7016249,0.76982975,0.87739944,1.289048,17.723953,0.8931059,0.20236188173294067
Informer,720,108,Hog_food_Morgan.csv,0.70700115,0.7767179,0.881316,1.2932336,15.981391,0.89535517,0.19833916425704956
Informer,720,120,Hog_food_Morgan.csv,0.7082396,0.7786289,0.8823995,1.3144388,16.21703,0.90296584,0.18465262651443481
Informer,720,132,Hog_food_Morgan.csv,0.72012544,0.795239,0.8917617,1.432536,18.381207,0.9109572,0.17015701532363892
Informer,720,144,Hog_food_Morgan.csv,0.71287984,0.7847096,0.8858383,1.3396813,16.773243,0.9030925,0.18442386388778687
Informer,720,156,Hog_food_Morgan.csv,0.715078,0.7948521,0.89154476,1.3181202,15.39207,0.91545165,0.16194826364517212
Informer,720,168,Hog_food_Morgan.csv,0.7152411,0.7929833,0.8904961,1.3075563,15.004216,0.912639,0.1670900583267212
Autoformer,720,12,Hog_office_Almeda.csv,0.55904746,0.5436481,0.73732495,1.6282258,97.25278,0.7497178,0.4379233121871948
Autoformer,720,24,Hog_office_Almeda.csv,0.6241531,0.6460011,0.80374193,1.5863067,64.9762,0.82603216,0.31767088174819946
Autoformer,720,36,Hog_office_Almeda.csv,0.63783824,0.6753436,0.8217929,1.557489,57.15931,0.8424882,0.2902136445045471
Autoformer,720,48,Hog_office_Almeda.csv,0.64924955,0.69329923,0.83264595,1.6436027,81.087456,0.85122216,0.27542078495025635
Autoformer,720,72,Hog_office_Almeda.csv,0.652512,0.70252776,0.8381693,1.6761816,83.39093,0.8617012,0.25747108459472656
Autoformer,720,84,Hog_office_Almeda.csv,0.6610461,0.7166802,0.84656966,1.6117988,54.669304,0.86824834,0.24614489078521729
Autoformer,720,96,Hog_office_Almeda.csv,0.6523043,0.69957083,0.8364035,1.6210073,73.63427,0.8636242,0.2541532516479492
Autoformer,720,108,Hog_office_Almeda.csv,0.65143615,0.7014147,0.83750504,1.6120294,57.935814,0.8631135,0.25503504276275635
Autoformer,720,120,Hog_office_Almeda.csv,0.65803087,0.70547426,0.83992517,1.6771278,81.84924,0.87214184,0.23936861753463745
Autoformer,720,132,Hog_office_Almeda.csv,0.6532202,0.70449805,0.83934385,1.674707,75.438194,0.8700538,0.24300628900527954
Autoformer,720,144,Hog_office_Almeda.csv,0.64733315,0.69339526,0.8327036,1.6482635,83.57249,0.86146754,0.2578737139701843
Autoformer,720,156,Hog_office_Almeda.csv,0.64975584,0.69703245,0.8348847,1.6526427,66.48996,0.8701999,0.24275213479995728
Autoformer,720,168,Hog_office_Almeda.csv,0.64737743,0.69043,0.8309212,1.651579,84.43264,0.8644716,0.2526888847351074
Informer,720,12,Hog_office_Almeda.csv,0.71391916,0.82214785,0.9067237,1.4896872,37.520214,0.9219637,0.1499829888343811
Informer,720,24,Hog_office_Almeda.csv,0.69428635,0.7474633,0.8645596,1.33386,25.762589,0.8885365,0.2105029821395874
Informer,720,36,Hog_office_Almeda.csv,0.6934181,0.75046694,0.866295,1.2861112,21.090954,0.888111,0.21125894784927368
Informer,720,48,Hog_office_Almeda.csv,0.6974605,0.75357085,0.8680846,1.3709962,25.005701,0.8874514,0.21242988109588623
Informer,720,72,Hog_office_Almeda.csv,0.69712216,0.75520515,0.8690254,1.4341015,24.585129,0.8934235,0.20179438591003418
Informer,720,84,Hog_office_Almeda.csv,0.7011003,0.7631734,0.873598,1.4092504,20.89761,0.89596874,0.19724005460739136
Informer,720,96,Hog_office_Almeda.csv,0.7038001,0.764679,0.87445927,1.4595184,23.012598,0.9029185,0.1847381591796875
Informer,720,108,Hog_office_Almeda.csv,0.7041119,0.76611847,0.87528193,1.4574944,22.869596,0.90204555,0.18631386756896973
Informer,720,120,Hog_office_Almeda.csv,0.69858104,0.75640017,0.8697127,1.4264432,22.775517,0.90307194,0.1844610571861267
Informer,720,132,Hog_office_Almeda.csv,0.70639414,0.7697555,0.8773571,1.5208877,27.230373,0.9094579,0.17288613319396973
Informer,720,144,Hog_office_Almeda.csv,0.7121958,0.7774262,0.88171774,1.5230608,24.024965,0.9121748,0.16793715953826904
Informer,720,156,Hog_office_Almeda.csv,0.7073713,0.7697962,0.8773803,1.4926561,25.398096,0.9144931,0.16370248794555664
Informer,720,168,Hog_office_Almeda.csv,0.70462555,0.76582855,0.8751163,1.4620663,23.743435,0.91045123,0.17107856273651123
Autoformer,720,12,Hog_parking_Jean.csv,0.5606929,0.5619367,0.7496244,1.4306002,62.873253,0.7381685,0.45510727167129517
Autoformer,720,24,Hog_parking_Jean.csv,0.6189419,0.64842486,0.8052483,1.4104888,52.088882,0.8034852,0.3544114828109741
Autoformer,720,36,Hog_parking_Jean.csv,0.63523734,0.68050563,0.8249276,1.3876595,37.84811,0.82064223,0.326546311378479
Autoformer,720,48,Hog_parking_Jean.csv,0.6435542,0.7042215,0.83917904,1.4500138,49.58258,0.8320215,0.3077402710914612
Autoformer,720,72,Hog_parking_Jean.csv,0.64427423,0.6984906,0.8357575,1.3952061,35.181297,0.83493173,0.30288904905319214
Autoformer,720,84,Hog_parking_Jean.csv,0.64864653,0.70945615,0.8422922,1.4333661,44.915665,0.83895266,0.2961583733558655
Autoformer,720,96,Hog_parking_Jean.csv,0.64423776,0.6965575,0.8346002,1.3983586,34.748955,0.8390857,0.29593515396118164
Autoformer,720,108,Hog_parking_Jean.csv,0.649884,0.7107065,0.8430341,1.4181786,39.040623,0.845429,0.2852497696876526
Autoformer,720,120,Hog_parking_Jean.csv,0.64356625,0.69724864,0.83501416,1.4141515,37.621563,0.84593326,0.2843968868255615
Autoformer,720,132,Hog_parking_Jean.csv,0.6471494,0.7068591,0.84074914,1.4311275,38.225414,0.84975815,0.2779111862182617
Autoformer,720,144,Hog_parking_Jean.csv,0.6481997,0.7070806,0.8408809,1.4411918,42.941273,0.8476804,0.28143805265426636
Autoformer,720,156,Hog_parking_Jean.csv,0.6463511,0.7022374,0.83799607,1.4566,42.69983,0.8532733,0.2719247341156006
Autoformer,720,168,Hog_parking_Jean.csv,0.647245,0.7036153,0.8388178,1.4439901,41.54769,0.8519843,0.2741227149963379
Informer,720,12,Hog_parking_Jean.csv,0.6444384,0.67709434,0.82285744,1.2117908,22.651888,0.8102824,0.343442440032959
Informer,720,24,Hog_parking_Jean.csv,0.6190119,0.6422488,0.8014043,1.2775329,23.76963,0.7996496,0.3605605363845825
Informer,720,36,Hog_parking_Jean.csv,0.6253159,0.65295434,0.8080559,1.301325,23.217306,0.80385816,0.3538120985031128
Informer,720,48,Hog_parking_Jean.csv,0.6282914,0.6596161,0.8121675,1.3236382,23.0328,0.80524033,0.35158801078796387
Informer,720,72,Hog_parking_Jean.csv,0.62937397,0.6631728,0.81435424,1.3426985,20.129177,0.8135495,0.338137149810791
Informer,720,84,Hog_parking_Jean.csv,0.63461536,0.6704637,0.81881845,1.3314897,19.59451,0.81557196,0.3348422646522522
Informer,720,96,Hog_parking_Jean.csv,0.63626194,0.6731691,0.82046884,1.3506775,21.339314,0.8248784,0.31957560777664185
Informer,720,108,Hog_parking_Jean.csv,0.64141816,0.6794496,0.82428735,1.3728601,23.077444,0.82662904,0.3166844844818115
Informer,720,120,Hog_parking_Jean.csv,0.63512945,0.671444,0.8194169,1.3835849,23.111979,0.83013207,0.31088078022003174
Informer,720,132,Hog_parking_Jean.csv,0.6393909,0.6766037,0.82255924,1.384754,23.838,0.8313733,0.308818519115448
Informer,720,144,Hog_parking_Jean.csv,0.64223546,0.68516177,0.82774496,1.4148386,25.496086,0.8344383,0.30371278524398804
Informer,720,156,Hog_parking_Jean.csv,0.8629559,1.1109746,1.0540278,1.7886022,59.29131,1.0732433,-0.15185117721557617
Informer,720,168,Hog_parking_Jean.csv,0.6448541,0.6829541,0.82641035,1.395698,25.980265,0.8393821,0.29543769359588623
Autoformer,720,12,Hog_public_Crystal.csv,0.5561447,0.54413646,0.73765606,1.6002206,470.10696,0.7508254,0.4362611770629883
Autoformer,720,24,Hog_public_Crystal.csv,0.6077953,0.63035935,0.79395175,1.6471108,939.35474,0.8168914,0.33268851041793823
Autoformer,720,36,Hog_public_Crystal.csv,0.6339115,0.6767109,0.8226244,1.5947245,483.2134,0.8443326,0.28710246086120605
Autoformer,720,48,Hog_public_Crystal.csv,0.6380395,0.6803711,0.8248461,1.7443868,1196.0205,0.8442316,0.2872731685638428
Autoformer,720,72,Hog_public_Crystal.csv,0.642572,0.6847335,0.8274863,1.5702225,147.20953,0.8517921,0.27445030212402344
Autoformer,720,84,Hog_public_Crystal.csv,0.64775103,0.696455,0.8345388,1.5863796,108.77221,0.8569756,0.26559287309646606
Autoformer,720,96,Hog_public_Crystal.csv,0.6502961,0.6972235,0.8349991,1.6908895,569.5223,0.8633577,0.2546135187149048
Autoformer,720,108,Hog_public_Crystal.csv,0.6468042,0.6915363,0.8315866,1.7564176,1240.5088,0.8581413,0.26359349489212036
Autoformer,720,120,Hog_public_Crystal.csv,0.6472274,0.6910506,0.83129454,1.7030225,614.5712,0.86448216,0.2526705861091614
Autoformer,720,132,Hog_public_Crystal.csv,0.6437269,0.6872028,0.828977,1.618136,277.6627,0.86052746,0.25949257612228394
Autoformer,720,144,Hog_public_Crystal.csv,0.6535885,0.7019302,0.8378128,1.6627551,376.9892,0.8678928,0.246762216091156
Autoformer,720,156,Hog_public_Crystal.csv,0.6513864,0.6968881,0.8347982,1.644586,197.77647,0.87143964,0.24059301614761353
Autoformer,720,168,Hog_public_Crystal.csv,0.6517109,0.69732255,0.8350584,1.7460418,742.356,0.86999464,0.2431093454360962
Informer,720,12,Hog_public_Crystal.csv,0.69060624,0.74368864,0.8623738,1.4717152,771.4311,0.87776977,0.22952014207839966
Informer,720,24,Hog_public_Crystal.csv,0.6896164,0.74121016,0.8609356,1.6273066,693.98846,0.8858107,0.2153395414352417
Informer,720,36,Hog_public_Crystal.csv,0.67436343,0.7129319,0.8443529,1.6524112,993.0392,0.8666345,0.24894458055496216
Informer,720,48,Hog_public_Crystal.csv,0.678653,0.7208577,0.84903336,1.7284328,1019.1906,0.8689873,0.2448611855506897
Informer,720,72,Hog_public_Crystal.csv,0.6785682,0.72061265,0.84888905,1.7414523,938.61945,0.8738236,0.23643243312835693
Informer,720,84,Hog_public_Crystal.csv,0.6843424,0.73135996,0.8551959,1.7608017,1084.2236,0.878188,0.22878587245941162
Informer,720,96,Hog_public_Crystal.csv,0.6855495,0.7335531,0.85647714,1.814601,1087.1195,0.8855652,0.21577435731887817
Informer,720,108,Hog_public_Crystal.csv,0.68929833,0.7391287,0.85972595,1.8085054,1022.3845,0.8871792,0.21291309595108032
Informer,720,120,Hog_public_Crystal.csv,0.69031566,0.7386342,0.8594383,1.9003288,1377.0936,0.8937495,0.20121175050735474
Informer,720,132,Hog_public_Crystal.csv,0.6854902,0.732492,0.8558575,1.8256894,1097.3915,0.888431,0.21069037914276123
Informer,720,144,Hog_public_Crystal.csv,0.68937427,0.73854357,0.85938555,1.8030531,1052.4506,0.8902401,0.20747262239456177
Informer,720,156,Hog_public_Crystal.csv,0.69371367,0.74416834,0.86265194,1.888396,1058.0886,0.9005159,0.1890711784362793
Informer,720,168,Hog_public_Crystal.csv,0.6933822,0.7436669,0.86236125,1.878044,1110.0415,0.89843976,0.19280606508255005
